#-----------------------------------------------------------
# Vivado v2022.2 (64-bit)
# SW Build 3671981 on Fri Oct 14 05:00:03 MDT 2022
# IP Build 3669848 on Fri Oct 14 08:30:02 MDT 2022
# Start of session at: Fri Apr  3 12:09:56 2026
# Process ID: 24424
# Current directory: C:/Users/narsi/Desktop/projects/Project_BUG/FIR/FIR_Filter_cgat
# Command line: vivado.exe -mode batch -source build.tcl
# Log file: C:/Users/narsi/Desktop/projects/Project_BUG/FIR/FIR_Filter_cgat/vivado.log
# Journal file: C:/Users/narsi/Desktop/projects/Project_BUG/FIR/FIR_Filter_cgat\vivado.jou
# Running On: Milan, OS: Windows, CPU Frequency: 1797 MHz, CPU Physical cores: 16, Host memory: 6297 MB
#-----------------------------------------------------------
source build.tcl
# set main_project_name "FIR_Filter_cgat_D"
# set proj_name   "FIR_Filter_cgat_bug"
# set proj_dir    "./$main_project_name/FIR_Filter_cgat_g_"
# set build_dir   "./$main_project_name/build"
# set part        "xc7z020clg484-1"
# set rtl_glob    "./$main_project_name/rtl/*.vhd"
# set tb_glob     "./$main_project_name/tb/*_tb.vhd"
# set xdc_glob    "./constraints/*.xdc"
# set rtl_top_e   "FIR_Filter_cgat"
# set tb_top_e   "FIR_Filter_cgat_tb"
# set rtl_top     "./$main_project_name/rtl"
# set tb_top      "./$main_project_name/tb"
# set vivado_tool "Vivado 2022.2"
# set rtl_dir     "./rtl"
# set tb_dir      "./tb"
# set src_dir [glob -type d ./*.srcs]
# set full_src_rtl "$src_dir/sources_1/new"
# set full_src_tb "$src_dir/sim_1/new"
# catch {file mkdir $main_project_name}
# if {[file exists $build_dir]} {
#     puts "Cleaning build directory: $build_dir"
#     file delete -force $build_dir
# }
# file mkdir $build_dir
# catch { exec cmd.exe /c robocopy "./" "./$main_project_name" build.tcl run_case.dat } result
# if {![file exists $tb_top]} {
# catch {file mkdir $rtl_top}
# catch {file mkdir $tb_top}
# catch { exec cmd.exe /c robocopy "$full_src_tb" "$tb_top" /E } result
# catch { exec cmd.exe /c robocopy "$full_src_rtl" "$rtl_top" /E } result
# }
# create_project $proj_name $proj_dir -part $part -force
INFO: [ProjectBase 1-489] The host OS only allows 260 characters in a normal path. The project is stored in a path with more than 80 characters. If you experience issues with IP, Block Designs, or files not being found, please consider moving the project to a location with a shorter path. Alternately consider using the OS subst command to map part of the path to a drive letter.
Current project path is 'C:/Users/narsi/Desktop/projects/Project_BUG/FIR/FIR_Filter_cgat/FIR_Filter_cgat_D/FIR_Filter_cgat_g_'
create_project: Time (s): cpu = 00:00:10 ; elapsed = 00:00:14 . Memory (MB): peak = 431.375 ; gain = 103.652
# foreach f [glob -nocomplain $rtl_glob] {
#   add_files $f
# }
# set_property top $rtl_top_e [current_fileset]
# update_compile_order -fileset sources_1
# set tb_list [glob -nocomplain $tb_glob]
# set run_sim 0
# if {[llength $tb_list] > 0} {
#   set run_sim 1
#   foreach f $tb_list {
#     add_files -fileset sim_1 $f
#   }
#   catch { set_property top $tb_top_e [get_filesets sim_1] }
#   update_compile_order -fileset sim_1
# }
CRITICAL WARNING: [filemgmt 20-742] The top module "FIR_Filter_cgat_tb" specified for this project can not be validated. The current project is using automatic hierarchy update mode, and hence a new suitable replacement top will be automatically selected. If this is not desired, please change the hierarchy update mode to one of the manual compile order modes first, and then set top to any desired value.
Resolution: To switch to manual update order go to the Sources view, right-click on any node in the hierarchy and in the context menu select: 'Hierarchy Update' option 'No Update' or run the following Tcl Command: set_property source_mgmt_mode None [current_project] (which is the Manual Compile Order mode).
# launch_runs synth_1
WARNING: [Vivado 12-7122] Auto Incremental Compile:: No reference checkpoint was found in run synth_1. Auto-incremental flow will not be run, the standard flow will be run instead.
[Fri Apr  3 12:10:22 2026] Launched synth_1...
Run output will be captured here: C:/Users/narsi/Desktop/projects/Project_BUG/FIR/FIR_Filter_cgat/FIR_Filter_cgat_D/FIR_Filter_cgat_g_/FIR_Filter_cgat_bug.runs/synth_1/runme.log
# wait_on_run synth_1
[Fri Apr  3 12:10:22 2026] Waiting for synth_1 to finish...

*** Running vivado
    with args -log FIR_Filter_cgat.vds -m64 -product Vivado -mode batch -messageDb vivado.pb -notrace -source FIR_Filter_cgat.tcl



****** Vivado v2022.2 (64-bit)
  **** SW Build 3671981 on Fri Oct 14 05:00:03 MDT 2022
  **** IP Build 3669848 on Fri Oct 14 08:30:02 MDT 2022
    ** Copyright 1986-2022 Xilinx, Inc. All Rights Reserved.

source FIR_Filter_cgat.tcl -notrace
create_project: Time (s): cpu = 00:00:12 ; elapsed = 00:00:13 . Memory (MB): peak = 431.664 ; gain = 98.488
Command: synth_design -top FIR_Filter_cgat -part xc7z020clg484-1
Starting synth_design
Attempting to get a license for feature 'Synthesis' and/or device 'xc7z020'
INFO: [Common 17-349] Got license for feature 'Synthesis' and/or device 'xc7z020'
INFO: [Synth 8-7079] Multithreading enabled for synth_design using a maximum of 2 processes.
INFO: [Synth 8-7078] Launching helper process for spawning children vivado processes
INFO: [Synth 8-7075] Helper process launched with PID 21768
INFO: [Synth 8-11241] undeclared symbol 'REGCCE', assumed default net type 'wire' [C:/Xilinx/Vivado/2022.2/data/verilog/src/unimacro/BRAM_SINGLE_MACRO.v:2170]
---------------------------------------------------------------------------------
Starting Synthesize : Time (s): cpu = 00:00:08 ; elapsed = 00:00:09 . Memory (MB): peak = 867.043 ; gain = 410.512
---------------------------------------------------------------------------------
INFO: [Synth 8-638] synthesizing module 'FIR_Filter_cgat' [C:/Users/narsi/Desktop/projects/Project_BUG/FIR/FIR_Filter_cgat/FIR_Filter_cgat_D/rtl/FIR_Filter_cgat.vhd:43]
INFO: [Synth 8-256] done synthesizing module 'FIR_Filter_cgat' (0#1) [C:/Users/narsi/Desktop/projects/Project_BUG/FIR/FIR_Filter_cgat/FIR_Filter_cgat_D/rtl/FIR_Filter_cgat.vhd:43]
---------------------------------------------------------------------------------
Finished Synthesize : Time (s): cpu = 00:00:11 ; elapsed = 00:00:12 . Memory (MB): peak = 959.238 ; gain = 502.707
---------------------------------------------------------------------------------
---------------------------------------------------------------------------------
Finished Constraint Validation : Time (s): cpu = 00:00:11 ; elapsed = 00:00:13 . Memory (MB): peak = 959.238 ; gain = 502.707
---------------------------------------------------------------------------------
---------------------------------------------------------------------------------
Start Loading Part and Timing Information
---------------------------------------------------------------------------------
Loading part: xc7z020clg484-1
---------------------------------------------------------------------------------
Finished Loading Part and Timing Information : Time (s): cpu = 00:00:11 ; elapsed = 00:00:13 . Memory (MB): peak = 959.238 ; gain = 502.707
---------------------------------------------------------------------------------
INFO: [Device 21-403] Loading part xc7z020clg484-1
---------------------------------------------------------------------------------
Finished RTL Optimization Phase 2 : Time (s): cpu = 00:00:13 ; elapsed = 00:00:14 . Memory (MB): peak = 959.238 ; gain = 502.707
---------------------------------------------------------------------------------
No constraint files found.
---------------------------------------------------------------------------------
Start RTL Component Statistics 
---------------------------------------------------------------------------------
Detailed RTL Component Info : 
+---Registers : 
	               16 Bit    Registers := 2     
---------------------------------------------------------------------------------
Finished RTL Component Statistics 
---------------------------------------------------------------------------------
---------------------------------------------------------------------------------
Start Part Resource Summary
---------------------------------------------------------------------------------
Part Resources:
DSPs: 220 (col length:60)
BRAMs: 280 (col length: RAMB18 60 RAMB36 30)
---------------------------------------------------------------------------------
Finished Part Resource Summary
---------------------------------------------------------------------------------
No constraint files found.
---------------------------------------------------------------------------------
Start Cross Boundary and Area Optimization
---------------------------------------------------------------------------------
WARNING: [Synth 8-7080] Parallel synthesis criteria is not met
DSP Report: Generating DSP ARG, operation Mode is: A''*(B:0x3ffef).
DSP Report: register delay_line_reg[30] is absorbed into DSP ARG.
DSP Report: register delay_line_reg[31] is absorbed into DSP ARG.
DSP Report: operator ARG is absorbed into DSP ARG.
DSP Report: Generating DSP final_sum0, operation Mode is: PCIN+A2*(B:0x3ffef).
DSP Report: register delay_line_reg[0] is absorbed into DSP final_sum0.
DSP Report: operator final_sum0 is absorbed into DSP final_sum0.
DSP Report: operator ARG is absorbed into DSP final_sum0.
DSP Report: Generating DSP final_sum0, operation Mode is: PCIN+A''*(B:0x3ffec).
DSP Report: register delay_line_reg[29] is absorbed into DSP final_sum0.
DSP Report: register delay_line_reg[30] is absorbed into DSP final_sum0.
DSP Report: operator final_sum0 is absorbed into DSP final_sum0.
DSP Report: operator ARG is absorbed into DSP final_sum0.
DSP Report: Generating DSP final_sum0, operation Mode is: PCIN+A''*(B:0x3ffe6).
DSP Report: register delay_line_reg[28] is absorbed into DSP final_sum0.
DSP Report: register delay_line_reg[29] is absorbed into DSP final_sum0.
DSP Report: operator final_sum0 is absorbed into DSP final_sum0.
DSP Report: operator ARG is absorbed into DSP final_sum0.
DSP Report: Generating DSP final_sum0, operation Mode is: PCIN+ACIN*(B:0x3ffe1).
DSP Report: operator final_sum0 is absorbed into DSP final_sum0.
DSP Report: operator ARG is absorbed into DSP final_sum0.
DSP Report: Generating DSP final_sum0, operation Mode is: PCIN+A''*(B:0x3ffe3).
DSP Report: register delay_line_reg[26] is absorbed into DSP final_sum0.
DSP Report: register delay_line_reg[27] is absorbed into DSP final_sum0.
DSP Report: operator final_sum0 is absorbed into DSP final_sum0.
DSP Report: operator ARG is absorbed into DSP final_sum0.
DSP Report: Generating DSP final_sum0, operation Mode is: PCIN+ACIN*(B:0x3fff1).
DSP Report: operator final_sum0 is absorbed into DSP final_sum0.
DSP Report: operator ARG is absorbed into DSP final_sum0.
DSP Report: Generating DSP final_sum0, operation Mode is: PCIN+A''*(B:0x14).
DSP Report: register delay_line_reg[24] is absorbed into DSP final_sum0.
DSP Report: register delay_line_reg[25] is absorbed into DSP final_sum0.
DSP Report: operator final_sum0 is absorbed into DSP final_sum0.
DSP Report: operator ARG is absorbed into DSP final_sum0.
DSP Report: Generating DSP final_sum0, operation Mode is: PCIN+ACIN*(B:0x52).
DSP Report: operator final_sum0 is absorbed into DSP final_sum0.
DSP Report: operator ARG is absorbed into DSP final_sum0.
DSP Report: Generating DSP final_sum0, operation Mode is: PCIN+A''*(B:0xae).
DSP Report: register delay_line_reg[22] is absorbed into DSP final_sum0.
DSP Report: register delay_line_reg[23] is absorbed into DSP final_sum0.
DSP Report: operator final_sum0 is absorbed into DSP final_sum0.
DSP Report: operator ARG is absorbed into DSP final_sum0.
DSP Report: Generating DSP final_sum0, operation Mode is: PCIN+ACIN*(B:0x126).
DSP Report: operator final_sum0 is absorbed into DSP final_sum0.
DSP Report: operator ARG is absorbed into DSP final_sum0.
DSP Report: Generating DSP final_sum0, operation Mode is: PCIN+A''*(B:0x1b5).
DSP Report: register delay_line_reg[20] is absorbed into DSP final_sum0.
DSP Report: register delay_line_reg[21] is absorbed into DSP final_sum0.
DSP Report: operator final_sum0 is absorbed into DSP final_sum0.
DSP Report: operator ARG is absorbed into DSP final_sum0.
DSP Report: Generating DSP final_sum0, operation Mode is: PCIN+ACIN*(B:0x24f).
DSP Report: operator final_sum0 is absorbed into DSP final_sum0.
DSP Report: operator ARG is absorbed into DSP final_sum0.
DSP Report: Generating DSP final_sum0, operation Mode is: PCIN+A''*(B:0x2e5).
DSP Report: register delay_line_reg[18] is absorbed into DSP final_sum0.
DSP Report: register delay_line_reg[19] is absorbed into DSP final_sum0.
DSP Report: operator final_sum0 is absorbed into DSP final_sum0.
DSP Report: operator ARG is absorbed into DSP final_sum0.
DSP Report: Generating DSP final_sum0, operation Mode is: PCIN+ACIN*(B:0x369).
DSP Report: operator final_sum0 is absorbed into DSP final_sum0.
DSP Report: operator ARG is absorbed into DSP final_sum0.
DSP Report: Generating DSP final_sum0, operation Mode is: PCIN+A''*(B:0x3cb).
DSP Report: register delay_line_reg[16] is absorbed into DSP final_sum0.
DSP Report: register delay_line_reg[17] is absorbed into DSP final_sum0.
DSP Report: operator final_sum0 is absorbed into DSP final_sum0.
DSP Report: operator ARG is absorbed into DSP final_sum0.
DSP Report: Generating DSP final_sum0, operation Mode is: PCIN+ACIN*(B:0x3ff).
DSP Report: operator final_sum0 is absorbed into DSP final_sum0.
DSP Report: operator ARG is absorbed into DSP final_sum0.
DSP Report: Generating DSP final_sum0, operation Mode is: PCIN+A''*(B:0x3ff).
DSP Report: register delay_line_reg[14] is absorbed into DSP final_sum0.
DSP Report: register delay_line_reg[15] is absorbed into DSP final_sum0.
DSP Report: operator final_sum0 is absorbed into DSP final_sum0.
DSP Report: operator ARG is absorbed into DSP final_sum0.
DSP Report: Generating DSP final_sum0, operation Mode is: PCIN+ACIN*(B:0x3cb).
DSP Report: operator final_sum0 is absorbed into DSP final_sum0.
DSP Report: operator ARG is absorbed into DSP final_sum0.
DSP Report: Generating DSP final_sum0, operation Mode is: PCIN+A''*(B:0x369).
DSP Report: register delay_line_reg[12] is absorbed into DSP final_sum0.
DSP Report: register delay_line_reg[13] is absorbed into DSP final_sum0.
DSP Report: operator final_sum0 is absorbed into DSP final_sum0.
DSP Report: operator ARG is absorbed into DSP final_sum0.
DSP Report: Generating DSP final_sum0, operation Mode is: PCIN+ACIN*(B:0x2e5).
DSP Report: operator final_sum0 is absorbed into DSP final_sum0.
DSP Report: operator ARG is absorbed into DSP final_sum0.
DSP Report: Generating DSP final_sum0, operation Mode is: PCIN+A''*(B:0x24f).
DSP Report: register delay_line_reg[10] is absorbed into DSP final_sum0.
DSP Report: register delay_line_reg[11] is absorbed into DSP final_sum0.
DSP Report: operator final_sum0 is absorbed into DSP final_sum0.
DSP Report: operator ARG is absorbed into DSP final_sum0.
DSP Report: Generating DSP final_sum0, operation Mode is: PCIN+ACIN*(B:0x1b5).
DSP Report: operator final_sum0 is absorbed into DSP final_sum0.
DSP Report: operator ARG is absorbed into DSP final_sum0.
DSP Report: Generating DSP final_sum0, operation Mode is: PCIN+A''*(B:0x126).
DSP Report: register delay_line_reg[8] is absorbed into DSP final_sum0.
DSP Report: register delay_line_reg[9] is absorbed into DSP final_sum0.
DSP Report: operator final_sum0 is absorbed into DSP final_sum0.
DSP Report: operator ARG is absorbed into DSP final_sum0.
DSP Report: Generating DSP final_sum0, operation Mode is: PCIN+ACIN*(B:0xae).
DSP Report: operator final_sum0 is absorbed into DSP final_sum0.
DSP Report: operator ARG is absorbed into DSP final_sum0.
DSP Report: Generating DSP final_sum0, operation Mode is: PCIN+A''*(B:0x52).
DSP Report: register delay_line_reg[6] is absorbed into DSP final_sum0.
DSP Report: register delay_line_reg[7] is absorbed into DSP final_sum0.
DSP Report: operator final_sum0 is absorbed into DSP final_sum0.
DSP Report: operator ARG is absorbed into DSP final_sum0.
DSP Report: Generating DSP final_sum0, operation Mode is: PCIN+ACIN*(B:0x14).
DSP Report: operator final_sum0 is absorbed into DSP final_sum0.
DSP Report: operator ARG is absorbed into DSP final_sum0.
DSP Report: Generating DSP final_sum0, operation Mode is: PCIN+A''*(B:0x3fff1).
DSP Report: register delay_line_reg[4] is absorbed into DSP final_sum0.
DSP Report: register delay_line_reg[5] is absorbed into DSP final_sum0.
DSP Report: operator final_sum0 is absorbed into DSP final_sum0.
DSP Report: operator ARG is absorbed into DSP final_sum0.
DSP Report: Generating DSP final_sum0, operation Mode is: PCIN+ACIN*(B:0x3ffe3).
DSP Report: operator final_sum0 is absorbed into DSP final_sum0.
DSP Report: operator ARG is absorbed into DSP final_sum0.
DSP Report: Generating DSP final_sum0, operation Mode is: PCIN+A''*(B:0x3ffe1).
DSP Report: register delay_line_reg[2] is absorbed into DSP final_sum0.
DSP Report: register delay_line_reg[3] is absorbed into DSP final_sum0.
DSP Report: operator final_sum0 is absorbed into DSP final_sum0.
DSP Report: operator ARG is absorbed into DSP final_sum0.
DSP Report: Generating DSP final_sum0, operation Mode is: PCIN+ACIN*(B:0x3ffe6).
DSP Report: operator final_sum0 is absorbed into DSP final_sum0.
DSP Report: operator ARG is absorbed into DSP final_sum0.
DSP Report: Generating DSP final_sum_reg, operation Mode is: PCIN+A''*(B:0x3ffec).
DSP Report: register delay_line_reg[0] is absorbed into DSP final_sum_reg.
DSP Report: register delay_line_reg[1] is absorbed into DSP final_sum_reg.
DSP Report: register final_sum_reg is absorbed into DSP final_sum_reg.
DSP Report: operator final_sum0 is absorbed into DSP final_sum_reg.
DSP Report: operator ARG is absorbed into DSP final_sum_reg.
---------------------------------------------------------------------------------
Finished Cross Boundary and Area Optimization : Time (s): cpu = 00:00:23 ; elapsed = 00:00:27 . Memory (MB): peak = 1172.422 ; gain = 715.891
---------------------------------------------------------------------------------
---------------------------------------------------------------------------------
Start ROM, RAM, DSP, Shift Register and Retiming Reporting
---------------------------------------------------------------------------------

DSP: Preliminary Mapping Report (see note below. The ' indicates corresponding REG is set)
+----------------+-----------------------+--------+--------+--------+--------+--------+------+------+------+------+-------+------+------+
|Module Name     | DSP Mapping           | A Size | B Size | C Size | D Size | P Size | AREG | BREG | CREG | DREG | ADREG | MREG | PREG | 
+----------------+-----------------------+--------+--------+--------+--------+--------+------+------+------+------+-------+------+------+
|FIR_Filter_cgat | A''*(B:0x3ffef)       | 16     | 6      | -      | -      | 22     | 2    | 0    | -    | -    | -     | 0    | 0    | 
|FIR_Filter_cgat | PCIN+A2*(B:0x3ffef)   | 16     | 6      | -      | -      | 32     | 1    | 0    | -    | -    | -     | 0    | 0    | 
|FIR_Filter_cgat | PCIN+A''*(B:0x3ffec)  | 16     | 6      | -      | -      | 32     | 2    | 0    | -    | -    | -     | 0    | 0    | 
|FIR_Filter_cgat | PCIN+A''*(B:0x3ffe6)  | 16     | 6      | -      | -      | 32     | 2    | 0    | -    | -    | -     | 0    | 0    | 
|FIR_Filter_cgat | PCIN+ACIN*(B:0x3ffe1) | 16     | 6      | -      | -      | 32     | 0    | 0    | -    | -    | -     | 0    | 0    | 
|FIR_Filter_cgat | PCIN+A''*(B:0x3ffe3)  | 16     | 6      | -      | -      | 32     | 2    | 0    | -    | -    | -     | 0    | 0    | 
|FIR_Filter_cgat | PCIN+ACIN*(B:0x3fff1) | 16     | 5      | -      | -      | 32     | 0    | 0    | -    | -    | -     | 0    | 0    | 
|FIR_Filter_cgat | PCIN+A''*(B:0x14)     | 16     | 6      | -      | -      | 32     | 2    | 0    | -    | -    | -     | 0    | 0    | 
|FIR_Filter_cgat | PCIN+ACIN*(B:0x52)    | 16     | 8      | -      | -      | 32     | 0    | 0    | -    | -    | -     | 0    | 0    | 
|FIR_Filter_cgat | PCIN+A''*(B:0xae)     | 16     | 9      | -      | -      | 32     | 2    | 0    | -    | -    | -     | 0    | 0    | 
|FIR_Filter_cgat | PCIN+ACIN*(B:0x126)   | 16     | 10     | -      | -      | 32     | 0    | 0    | -    | -    | -     | 0    | 0    | 
|FIR_Filter_cgat | PCIN+A''*(B:0x1b5)    | 16     | 10     | -      | -      | 32     | 2    | 0    | -    | -    | -     | 0    | 0    | 
|FIR_Filter_cgat | PCIN+ACIN*(B:0x24f)   | 16     | 11     | -      | -      | 32     | 0    | 0    | -    | -    | -     | 0    | 0    | 
|FIR_Filter_cgat | PCIN+A''*(B:0x2e5)    | 16     | 11     | -      | -      | 32     | 2    | 0    | -    | -    | -     | 0    | 0    | 
|FIR_Filter_cgat | PCIN+ACIN*(B:0x369)   | 16     | 11     | -      | -      | 32     | 0    | 0    | -    | -    | -     | 0    | 0    | 
|FIR_Filter_cgat | PCIN+A''*(B:0x3cb)    | 16     | 11     | -      | -      | 32     | 2    | 0    | -    | -    | -     | 0    | 0    | 
|FIR_Filter_cgat | PCIN+ACIN*(B:0x3ff)   | 16     | 11     | -      | -      | 32     | 0    | 0    | -    | -    | -     | 0    | 0    | 
|FIR_Filter_cgat | PCIN+A''*(B:0x3ff)    | 16     | 11     | -      | -      | 32     | 2    | 0    | -    | -    | -     | 0    | 0    | 
|FIR_Filter_cgat | PCIN+ACIN*(B:0x3cb)   | 16     | 11     | -      | -      | 32     | 0    | 0    | -    | -    | -     | 0    | 0    | 
|FIR_Filter_cgat | PCIN+A''*(B:0x369)    | 16     | 11     | -      | -      | 32     | 2    | 0    | -    | -    | -     | 0    | 0    | 
|FIR_Filter_cgat | PCIN+ACIN*(B:0x2e5)   | 16     | 11     | -      | -      | 32     | 0    | 0    | -    | -    | -     | 0    | 0    | 
|FIR_Filter_cgat | PCIN+A''*(B:0x24f)    | 16     | 11     | -      | -      | 32     | 2    | 0    | -    | -    | -     | 0    | 0    | 
|FIR_Filter_cgat | PCIN+ACIN*(B:0x1b5)   | 16     | 10     | -      | -      | 32     | 0    | 0    | -    | -    | -     | 0    | 0    | 
|FIR_Filter_cgat | PCIN+A''*(B:0x126)    | 16     | 10     | -      | -      | 32     | 2    | 0    | -    | -    | -     | 0    | 0    | 
|FIR_Filter_cgat | PCIN+ACIN*(B:0xae)    | 16     | 9      | -      | -      | 32     | 0    | 0    | -    | -    | -     | 0    | 0    | 
|FIR_Filter_cgat | PCIN+A''*(B:0x52)     | 16     | 8      | -      | -      | 32     | 2    | 0    | -    | -    | -     | 0    | 0    | 
|FIR_Filter_cgat | PCIN+ACIN*(B:0x14)    | 16     | 6      | -      | -      | 32     | 0    | 0    | -    | -    | -     | 0    | 0    | 
|FIR_Filter_cgat | PCIN+A''*(B:0x3fff1)  | 16     | 5      | -      | -      | 32     | 2    | 0    | -    | -    | -     | 0    | 0    | 
|FIR_Filter_cgat | PCIN+ACIN*(B:0x3ffe3) | 16     | 6      | -      | -      | 32     | 0    | 0    | -    | -    | -     | 0    | 0    | 
|FIR_Filter_cgat | PCIN+A''*(B:0x3ffe1)  | 16     | 6      | -      | -      | 32     | 2    | 0    | -    | -    | -     | 0    | 0    | 
|FIR_Filter_cgat | PCIN+ACIN*(B:0x3ffe6) | 16     | 6      | -      | -      | 32     | 0    | 0    | -    | -    | -     | 0    | 0    | 
|FIR_Filter_cgat | PCIN+A''*(B:0x3ffec)  | 16     | 6      | -      | -      | 32     | 2    | 0    | -    | -    | -     | 0    | 1    | 
+----------------+-----------------------+--------+--------+--------+--------+--------+------+------+------+------+-------+------+------+

Note: The table above is a preliminary report that shows the DSPs inferred at the current stage of the synthesis flow. Some DSP may be reimplemented as non DSP primitives later in the synthesis flow. Multiple instantiated DSPs are reported only once.
---------------------------------------------------------------------------------
Finished ROM, RAM, DSP, Shift Register and Retiming Reporting
---------------------------------------------------------------------------------
No constraint files found.
---------------------------------------------------------------------------------
Start Timing Optimization
---------------------------------------------------------------------------------
---------------------------------------------------------------------------------
Finished Timing Optimization : Time (s): cpu = 00:00:23 ; elapsed = 00:00:27 . Memory (MB): peak = 1173.297 ; gain = 716.766
---------------------------------------------------------------------------------
---------------------------------------------------------------------------------
Start Technology Mapping
---------------------------------------------------------------------------------
---------------------------------------------------------------------------------
Finished Technology Mapping : Time (s): cpu = 00:00:23 ; elapsed = 00:00:27 . Memory (MB): peak = 1173.496 ; gain = 716.965
---------------------------------------------------------------------------------
---------------------------------------------------------------------------------
Start IO Insertion
---------------------------------------------------------------------------------
---------------------------------------------------------------------------------
Start Flattening Before IO Insertion
---------------------------------------------------------------------------------
---------------------------------------------------------------------------------
Finished Flattening Before IO Insertion
---------------------------------------------------------------------------------
---------------------------------------------------------------------------------
Start Final Netlist Cleanup
---------------------------------------------------------------------------------
---------------------------------------------------------------------------------
Finished Final Netlist Cleanup
---------------------------------------------------------------------------------
---------------------------------------------------------------------------------
Finished IO Insertion : Time (s): cpu = 00:00:32 ; elapsed = 00:00:37 . Memory (MB): peak = 1173.496 ; gain = 716.965
---------------------------------------------------------------------------------
---------------------------------------------------------------------------------
Start Renaming Generated Instances
---------------------------------------------------------------------------------
---------------------------------------------------------------------------------
Finished Renaming Generated Instances : Time (s): cpu = 00:00:32 ; elapsed = 00:00:37 . Memory (MB): peak = 1173.496 ; gain = 716.965
---------------------------------------------------------------------------------
---------------------------------------------------------------------------------
Start Rebuilding User Hierarchy
---------------------------------------------------------------------------------
---------------------------------------------------------------------------------
Finished Rebuilding User Hierarchy : Time (s): cpu = 00:00:32 ; elapsed = 00:00:37 . Memory (MB): peak = 1173.496 ; gain = 716.965
---------------------------------------------------------------------------------
---------------------------------------------------------------------------------
Start Renaming Generated Ports
---------------------------------------------------------------------------------
---------------------------------------------------------------------------------
Finished Renaming Generated Ports : Time (s): cpu = 00:00:32 ; elapsed = 00:00:37 . Memory (MB): peak = 1173.496 ; gain = 716.965
---------------------------------------------------------------------------------
---------------------------------------------------------------------------------
Start Handling Custom Attributes
---------------------------------------------------------------------------------
---------------------------------------------------------------------------------
Finished Handling Custom Attributes : Time (s): cpu = 00:00:32 ; elapsed = 00:00:37 . Memory (MB): peak = 1173.496 ; gain = 716.965
---------------------------------------------------------------------------------
---------------------------------------------------------------------------------
Start Renaming Generated Nets
---------------------------------------------------------------------------------
---------------------------------------------------------------------------------
Finished Renaming Generated Nets : Time (s): cpu = 00:00:32 ; elapsed = 00:00:37 . Memory (MB): peak = 1173.496 ; gain = 716.965
---------------------------------------------------------------------------------
---------------------------------------------------------------------------------
Start Writing Synthesis Report
---------------------------------------------------------------------------------

DSP Final Report (the ' indicates corresponding REG is set)
+----------------+---------------+--------+--------+--------+--------+--------+------+------+------+------+-------+------+------+
|Module Name     | DSP Mapping   | A Size | B Size | C Size | D Size | P Size | AREG | BREG | CREG | DREG | ADREG | MREG | PREG | 
+----------------+---------------+--------+--------+--------+--------+--------+------+------+------+------+-------+------+------+
|FIR_Filter_cgat | A''*B         | 30     | 18     | -      | -      | 0      | 2    | 0    | -    | -    | -     | 0    | 0    | 
|FIR_Filter_cgat | PCIN+A'*B     | 30     | 0      | -      | -      | 0      | 1    | 0    | -    | -    | -     | 0    | 0    | 
|FIR_Filter_cgat | PCIN+A''*B    | 30     | 18     | -      | -      | 0      | 2    | 0    | -    | -    | -     | 0    | 0    | 
|FIR_Filter_cgat | PCIN+A''*B    | 30     | 18     | -      | -      | 0      | 2    | 0    | -    | -    | -     | 0    | 0    | 
|FIR_Filter_cgat | PCIN+A*B      | 0      | 18     | -      | -      | 0      | 0    | 0    | -    | -    | -     | 0    | 0    | 
|FIR_Filter_cgat | PCIN+A''*B    | 30     | 18     | -      | -      | 0      | 2    | 0    | -    | -    | -     | 0    | 0    | 
|FIR_Filter_cgat | PCIN+A*B      | 0      | 18     | -      | -      | 0      | 0    | 0    | -    | -    | -     | 0    | 0    | 
|FIR_Filter_cgat | PCIN+A''*B    | 30     | 5      | -      | -      | 0      | 2    | 0    | -    | -    | -     | 0    | 0    | 
|FIR_Filter_cgat | PCIN+A*B      | 0      | 7      | -      | -      | 0      | 0    | 0    | -    | -    | -     | 0    | 0    | 
|FIR_Filter_cgat | PCIN+A''*B    | 30     | 8      | -      | -      | 0      | 2    | 0    | -    | -    | -     | 0    | 0    | 
|FIR_Filter_cgat | PCIN+A*B      | 0      | 9      | -      | -      | 0      | 0    | 0    | -    | -    | -     | 0    | 0    | 
|FIR_Filter_cgat | PCIN+A''*B    | 30     | 9      | -      | -      | 0      | 2    | 0    | -    | -    | -     | 0    | 0    | 
|FIR_Filter_cgat | PCIN+A*B      | 0      | 10     | -      | -      | 0      | 0    | 0    | -    | -    | -     | 0    | 0    | 
|FIR_Filter_cgat | PCIN+A''*B    | 30     | 10     | -      | -      | 0      | 2    | 0    | -    | -    | -     | 0    | 0    | 
|FIR_Filter_cgat | PCIN+A*B      | 0      | 10     | -      | -      | 0      | 0    | 0    | -    | -    | -     | 0    | 0    | 
|FIR_Filter_cgat | PCIN+A''*B    | 30     | 10     | -      | -      | 0      | 2    | 0    | -    | -    | -     | 0    | 0    | 
|FIR_Filter_cgat | PCIN+A*B      | 0      | 10     | -      | -      | 0      | 0    | 0    | -    | -    | -     | 0    | 0    | 
|FIR_Filter_cgat | PCIN+A''*B    | 30     | 0      | -      | -      | 0      | 2    | 0    | -    | -    | -     | 0    | 0    | 
|FIR_Filter_cgat | PCIN+A*B      | 0      | 10     | -      | -      | 0      | 0    | 0    | -    | -    | -     | 0    | 0    | 
|FIR_Filter_cgat | PCIN+A''*B    | 30     | 10     | -      | -      | 0      | 2    | 0    | -    | -    | -     | 0    | 0    | 
|FIR_Filter_cgat | PCIN+A*B      | 0      | 10     | -      | -      | 0      | 0    | 0    | -    | -    | -     | 0    | 0    | 
|FIR_Filter_cgat | PCIN+A''*B    | 30     | 10     | -      | -      | 0      | 2    | 0    | -    | -    | -     | 0    | 0    | 
|FIR_Filter_cgat | PCIN+A*B      | 0      | 9      | -      | -      | 0      | 0    | 0    | -    | -    | -     | 0    | 0    | 
|FIR_Filter_cgat | PCIN+A''*B    | 30     | 9      | -      | -      | 0      | 2    | 0    | -    | -    | -     | 0    | 0    | 
|FIR_Filter_cgat | PCIN+A*B      | 0      | 8      | -      | -      | 0      | 0    | 0    | -    | -    | -     | 0    | 0    | 
|FIR_Filter_cgat | PCIN+A''*B    | 30     | 7      | -      | -      | 0      | 2    | 0    | -    | -    | -     | 0    | 0    | 
|FIR_Filter_cgat | PCIN+A*B      | 0      | 5      | -      | -      | 0      | 0    | 0    | -    | -    | -     | 0    | 0    | 
|FIR_Filter_cgat | PCIN+A''*B    | 30     | 18     | -      | -      | 0      | 2    | 0    | -    | -    | -     | 0    | 0    | 
|FIR_Filter_cgat | PCIN+A*B      | 0      | 18     | -      | -      | 0      | 0    | 0    | -    | -    | -     | 0    | 0    | 
|FIR_Filter_cgat | PCIN+A''*B    | 30     | 18     | -      | -      | 0      | 2    | 0    | -    | -    | -     | 0    | 0    | 
|FIR_Filter_cgat | PCIN+A*B      | 0      | 18     | -      | -      | 0      | 0    | 0    | -    | -    | -     | 0    | 0    | 
|FIR_Filter_cgat | (PCIN+A''*B)' | 30     | 18     | -      | -      | 32     | 2    | 0    | -    | -    | -     | 0    | 1    | 
+----------------+---------------+--------+--------+--------+--------+--------+------+------+------+------+-------+------+------+


Report BlackBoxes: 
+-+--------------+----------+
| |BlackBox name |Instances |
+-+--------------+----------+
+-+--------------+----------+

Report Cell Usage: 
+------+--------+------+
|      |Cell    |Count |
+------+--------+------+
|1     |BUFG    |     1|
|2     |DSP48E1 |    32|
|3     |LUT2    |     1|
|4     |FDRE    |   480|
|5     |IBUF    |    18|
|6     |OBUF    |    32|
+------+--------+------+

Report Instance Areas: 
+------+---------+-------+------+
|      |Instance |Module |Cells |
+------+---------+-------+------+
|1     |top      |       |   564|
+------+---------+-------+------+
---------------------------------------------------------------------------------
Finished Writing Synthesis Report : Time (s): cpu = 00:00:32 ; elapsed = 00:00:37 . Memory (MB): peak = 1173.496 ; gain = 716.965
---------------------------------------------------------------------------------
Synthesis finished with 0 errors, 0 critical warnings and 1 warnings.
Synthesis Optimization Runtime : Time (s): cpu = 00:00:32 ; elapsed = 00:00:37 . Memory (MB): peak = 1173.496 ; gain = 716.965
Synthesis Optimization Complete : Time (s): cpu = 00:00:32 ; elapsed = 00:00:37 . Memory (MB): peak = 1173.496 ; gain = 716.965
INFO: [Project 1-571] Translating synthesized netlist
Netlist sorting complete. Time (s): cpu = 00:00:00 ; elapsed = 00:00:00.016 . Memory (MB): peak = 1186.367 ; gain = 0.000
INFO: [Netlist 29-17] Analyzing 32 Unisim elements for replacement
INFO: [Netlist 29-28] Unisim Transformation completed in 0 CPU seconds
INFO: [Project 1-570] Preparing netlist for logic optimization
INFO: [Opt 31-138] Pushed 0 inverter(s) to 0 load pin(s).
Netlist sorting complete. Time (s): cpu = 00:00:00 ; elapsed = 00:00:00.001 . Memory (MB): peak = 1288.000 ; gain = 0.000
INFO: [Project 1-111] Unisim Transformation Summary:
No Unisim elements were transformed.

Synth Design complete, checksum: b3f7d272
INFO: [Common 17-83] Releasing license: Synthesis
15 Infos, 1 Warnings, 0 Critical Warnings and 0 Errors encountered.
synth_design completed successfully
synth_design: Time (s): cpu = 00:00:35 ; elapsed = 00:00:40 . Memory (MB): peak = 1288.000 ; gain = 856.336
INFO: [Common 17-1381] The checkpoint 'C:/Users/narsi/Desktop/projects/Project_BUG/FIR/FIR_Filter_cgat/FIR_Filter_cgat_D/FIR_Filter_cgat_g_/FIR_Filter_cgat_bug.runs/synth_1/FIR_Filter_cgat.dcp' has been generated.
INFO: [runtcl-4] Executing : report_utilization -file FIR_Filter_cgat_utilization_synth.rpt -pb FIR_Filter_cgat_utilization_synth.pb
INFO: [Common 17-206] Exiting Vivado at Fri Apr  3 12:11:26 2026...
[Fri Apr  3 12:11:32 2026] synth_1 finished
wait_on_runs: Time (s): cpu = 00:00:01 ; elapsed = 00:01:11 . Memory (MB): peak = 456.223 ; gain = 0.000
# open_run synth_1
Design is defaulting to impl run constrset: constrs_1
Design is defaulting to synth run part: xc7z020clg484-1
INFO: [Device 21-403] Loading part xc7z020clg484-1
Netlist sorting complete. Time (s): cpu = 00:00:00 ; elapsed = 00:00:00.007 . Memory (MB): peak = 860.031 ; gain = 0.000
INFO: [Netlist 29-17] Analyzing 32 Unisim elements for replacement
INFO: [Netlist 29-28] Unisim Transformation completed in 0 CPU seconds
INFO: [Project 1-479] Netlist was created with Vivado 2022.2
INFO: [Project 1-570] Preparing netlist for logic optimization
INFO: [Opt 31-138] Pushed 0 inverter(s) to 0 load pin(s).
Netlist sorting complete. Time (s): cpu = 00:00:00 ; elapsed = 00:00:00 . Memory (MB): peak = 978.484 ; gain = 0.000
INFO: [Project 1-111] Unisim Transformation Summary:
No Unisim elements were transformed.

open_run: Time (s): cpu = 00:00:08 ; elapsed = 00:00:11 . Memory (MB): peak = 978.484 ; gain = 522.262
# write_checkpoint -force [file join $build_dir post_synth.dcp]
INFO: [Common 17-1381] The checkpoint 'C:/Users/narsi/Desktop/projects/Project_BUG/FIR/FIR_Filter_cgat/FIR_Filter_cgat_D/build/post_synth.dcp' has been generated.
# launch_runs impl_1
[Fri Apr  3 12:11:45 2026] Launched impl_1...
Run output will be captured here: C:/Users/narsi/Desktop/projects/Project_BUG/FIR/FIR_Filter_cgat/FIR_Filter_cgat_D/FIR_Filter_cgat_g_/FIR_Filter_cgat_bug.runs/impl_1/runme.log
# wait_on_run impl_1
[Fri Apr  3 12:11:45 2026] Waiting for impl_1 to finish...

*** Running vivado
    with args -log FIR_Filter_cgat.vdi -applog -m64 -product Vivado -messageDb vivado.pb -mode batch -source FIR_Filter_cgat.tcl -notrace



****** Vivado v2022.2 (64-bit)
  **** SW Build 3671981 on Fri Oct 14 05:00:03 MDT 2022
  **** IP Build 3669848 on Fri Oct 14 08:30:02 MDT 2022
    ** Copyright 1986-2022 Xilinx, Inc. All Rights Reserved.

source FIR_Filter_cgat.tcl -notrace
Command: open_checkpoint C:/Users/narsi/Desktop/projects/Project_BUG/FIR/FIR_Filter_cgat/FIR_Filter_cgat_D/FIR_Filter_cgat_g_/FIR_Filter_cgat_bug.runs/impl_1/FIR_Filter_cgat.dcp
INFO: [Device 21-403] Loading part xc7z020clg484-1
Netlist sorting complete. Time (s): cpu = 00:00:00 ; elapsed = 00:00:00.007 . Memory (MB): peak = 859.852 ; gain = 0.000
INFO: [Netlist 29-17] Analyzing 32 Unisim elements for replacement
INFO: [Netlist 29-28] Unisim Transformation completed in 0 CPU seconds
INFO: [Project 1-479] Netlist was created with Vivado 2022.2
INFO: [Project 1-570] Preparing netlist for logic optimization
Netlist sorting complete. Time (s): cpu = 00:00:00 ; elapsed = 00:00:00 . Memory (MB): peak = 953.316 ; gain = 0.000
INFO: [Project 1-111] Unisim Transformation Summary:
No Unisim elements were transformed.

INFO: [Project 1-604] Checkpoint was created with Vivado v2022.2 (64-bit) build 3671981
OpenCheckpoint Checksum | Checksum: 19e1ec25
----- Checksum: PlaceDB: 00000000 ShapeSum: 19e1ec25 RouteDB: 00000000 
open_checkpoint: Time (s): cpu = 00:00:17 ; elapsed = 00:00:22 . Memory (MB): peak = 957.336 ; gain = 624.578
Command: opt_design
Attempting to get a license for feature 'Implementation' and/or device 'xc7z020'
INFO: [Common 17-349] Got license for feature 'Implementation' and/or device 'xc7z020'
Running DRC as a precondition to command opt_design

Starting DRC Task
INFO: [DRC 23-27] Running DRC with 2 threads
INFO: [Project 1-461] DRC finished with 0 Errors
INFO: [Project 1-462] Please refer to the DRC report (report_drc) for more information.

Time (s): cpu = 00:00:03 ; elapsed = 00:00:02 . Memory (MB): peak = 1007.195 ; gain = 27.977

Starting Cache Timing Information Task
INFO: [Timing 38-35] Done setting XDC timing constraints.
Ending Cache Timing Information Task | Checksum: cdd9be97

Time (s): cpu = 00:00:09 ; elapsed = 00:00:11 . Memory (MB): peak = 1539.703 ; gain = 532.508

Starting Logic Optimization Task

Phase 1 Retarget
INFO: [Opt 31-138] Pushed 0 inverter(s) to 0 load pin(s).
INFO: [Opt 31-49] Retargeted 0 cell(s).
Phase 1 Retarget | Checksum: cdd9be97

Time (s): cpu = 00:00:00 ; elapsed = 00:00:00.291 . Memory (MB): peak = 1874.609 ; gain = 0.000
INFO: [Opt 31-389] Phase Retarget created 0 cells and removed 0 cells

Phase 2 Constant propagation
INFO: [Opt 31-138] Pushed 0 inverter(s) to 0 load pin(s).
Phase 2 Constant propagation | Checksum: cdd9be97

Time (s): cpu = 00:00:00 ; elapsed = 00:00:00.312 . Memory (MB): peak = 1874.609 ; gain = 0.000
INFO: [Opt 31-389] Phase Constant propagation created 0 cells and removed 0 cells

Phase 3 Sweep
Phase 3 Sweep | Checksum: cdd9be97

Time (s): cpu = 00:00:01 ; elapsed = 00:00:00.372 . Memory (MB): peak = 1874.609 ; gain = 0.000
INFO: [Opt 31-389] Phase Sweep created 0 cells and removed 0 cells

Phase 4 BUFG optimization
Phase 4 BUFG optimization | Checksum: cdd9be97

Time (s): cpu = 00:00:01 ; elapsed = 00:00:00.448 . Memory (MB): peak = 1874.609 ; gain = 0.000
INFO: [Opt 31-662] Phase BUFG optimization created 0 cells of which 0 are BUFGs and removed 0 cells.

Phase 5 Shift Register Optimization
INFO: [Opt 31-1064] SRL Remap converted 0 SRLs to 0 registers and converted 0 registers of register chains to 0 SRLs
Phase 5 Shift Register Optimization | Checksum: cdd9be97

Time (s): cpu = 00:00:01 ; elapsed = 00:00:00.451 . Memory (MB): peak = 1874.609 ; gain = 0.000
INFO: [Opt 31-389] Phase Shift Register Optimization created 0 cells and removed 0 cells

Phase 6 Post Processing Netlist
Phase 6 Post Processing Netlist | Checksum: cdd9be97

Time (s): cpu = 00:00:01 ; elapsed = 00:00:00.456 . Memory (MB): peak = 1874.609 ; gain = 0.000
INFO: [Opt 31-389] Phase Post Processing Netlist created 0 cells and removed 0 cells
Opt_design Change Summary
=========================


-------------------------------------------------------------------------------------------------------------------------
|  Phase                        |  #Cells created  |  #Cells Removed  |  #Constrained objects preventing optimizations  |
-------------------------------------------------------------------------------------------------------------------------
|  Retarget                     |               0  |               0  |                                              0  |
|  Constant propagation         |               0  |               0  |                                              0  |
|  Sweep                        |               0  |               0  |                                              0  |
|  BUFG optimization            |               0  |               0  |                                              0  |
|  Shift Register Optimization  |               0  |               0  |                                              0  |
|  Post Processing Netlist      |               0  |               0  |                                              0  |
-------------------------------------------------------------------------------------------------------------------------



Starting Connectivity Check Task

Time (s): cpu = 00:00:00 ; elapsed = 00:00:00.001 . Memory (MB): peak = 1874.609 ; gain = 0.000
Ending Logic Optimization Task | Checksum: cdd9be97

Time (s): cpu = 00:00:01 ; elapsed = 00:00:00.462 . Memory (MB): peak = 1874.609 ; gain = 0.000

Starting Power Optimization Task
INFO: [Pwropt 34-132] Skipping clock gating for clocks with a period < 2.00 ns.
Ending Power Optimization Task | Checksum: cdd9be97

Time (s): cpu = 00:00:00 ; elapsed = 00:00:00.021 . Memory (MB): peak = 1874.609 ; gain = 0.000

Starting Final Cleanup Task
Ending Final Cleanup Task | Checksum: cdd9be97

Time (s): cpu = 00:00:00 ; elapsed = 00:00:00 . Memory (MB): peak = 1874.609 ; gain = 0.000

Starting Netlist Obfuscation Task
Netlist sorting complete. Time (s): cpu = 00:00:00 ; elapsed = 00:00:00 . Memory (MB): peak = 1874.609 ; gain = 0.000
Ending Netlist Obfuscation Task | Checksum: cdd9be97

Time (s): cpu = 00:00:00 ; elapsed = 00:00:00.001 . Memory (MB): peak = 1874.609 ; gain = 0.000
INFO: [Common 17-83] Releasing license: Implementation
24 Infos, 0 Warnings, 0 Critical Warnings and 0 Errors encountered.
opt_design completed successfully
opt_design: Time (s): cpu = 00:00:17 ; elapsed = 00:00:17 . Memory (MB): peak = 1874.609 ; gain = 917.273
INFO: [Common 17-1381] The checkpoint 'C:/Users/narsi/Desktop/projects/Project_BUG/FIR/FIR_Filter_cgat/FIR_Filter_cgat_D/FIR_Filter_cgat_g_/FIR_Filter_cgat_bug.runs/impl_1/FIR_Filter_cgat_opt.dcp' has been generated.
INFO: [runtcl-4] Executing : report_drc -file FIR_Filter_cgat_drc_opted.rpt -pb FIR_Filter_cgat_drc_opted.pb -rpx FIR_Filter_cgat_drc_opted.rpx
Command: report_drc -file FIR_Filter_cgat_drc_opted.rpt -pb FIR_Filter_cgat_drc_opted.pb -rpx FIR_Filter_cgat_drc_opted.rpx
INFO: [IP_Flow 19-234] Refreshing IP repositories
INFO: [IP_Flow 19-1704] No user IP repositories specified
INFO: [IP_Flow 19-2313] Loaded Vivado IP repository 'C:/Xilinx/Vivado/2022.2/data/ip'.
INFO: [DRC 23-27] Running DRC with 2 threads
INFO: [Vivado_Tcl 2-168] The results of DRC are in file C:/Users/narsi/Desktop/projects/Project_BUG/FIR/FIR_Filter_cgat/FIR_Filter_cgat_D/FIR_Filter_cgat_g_/FIR_Filter_cgat_bug.runs/impl_1/FIR_Filter_cgat_drc_opted.rpt.
report_drc completed successfully
Command: place_design
Attempting to get a license for feature 'Implementation' and/or device 'xc7z020'
INFO: [Common 17-349] Got license for feature 'Implementation' and/or device 'xc7z020'
INFO: [DRC 23-27] Running DRC with 2 threads
INFO: [Vivado_Tcl 4-198] DRC finished with 0 Errors
INFO: [Vivado_Tcl 4-199] Please refer to the DRC report (report_drc) for more information.
Running DRC as a precondition to command place_design
INFO: [DRC 23-27] Running DRC with 2 threads
INFO: [Vivado_Tcl 4-198] DRC finished with 0 Errors
INFO: [Vivado_Tcl 4-199] Please refer to the DRC report (report_drc) for more information.

Starting Placer Task
INFO: [Place 30-611] Multithreading enabled for place_design using a maximum of 2 CPUs

Phase 1 Placer Initialization

Phase 1.1 Placer Initialization Netlist Sorting
Netlist sorting complete. Time (s): cpu = 00:00:00 ; elapsed = 00:00:00 . Memory (MB): peak = 1874.609 ; gain = 0.000
Phase 1.1 Placer Initialization Netlist Sorting | Checksum: 19e1ec25

Time (s): cpu = 00:00:00 ; elapsed = 00:00:00.023 . Memory (MB): peak = 1874.609 ; gain = 0.000
Netlist sorting complete. Time (s): cpu = 00:00:00 ; elapsed = 00:00:00.001 . Memory (MB): peak = 1874.609 ; gain = 0.000

Phase 1.2 IO Placement/ Clock Placement/ Build Placer Device
INFO: [Timing 38-35] Done setting XDC timing constraints.
Phase 1.2 IO Placement/ Clock Placement/ Build Placer Device | Checksum: c0a12dc0

Time (s): cpu = 00:00:01 ; elapsed = 00:00:01 . Memory (MB): peak = 1874.609 ; gain = 0.000

Phase 1.3 Build Placer Netlist Model
Phase 1.3 Build Placer Netlist Model | Checksum: d532f42f

Time (s): cpu = 00:00:01 ; elapsed = 00:00:01 . Memory (MB): peak = 1874.609 ; gain = 0.000

Phase 1.4 Constrain Clocks/Macros
Phase 1.4 Constrain Clocks/Macros | Checksum: d532f42f

Time (s): cpu = 00:00:01 ; elapsed = 00:00:01 . Memory (MB): peak = 1874.609 ; gain = 0.000
Phase 1 Placer Initialization | Checksum: d532f42f

Time (s): cpu = 00:00:01 ; elapsed = 00:00:01 . Memory (MB): peak = 1874.609 ; gain = 0.000

Phase 2 Global Placement

Phase 2.1 Floorplanning
Phase 2.1 Floorplanning | Checksum: d532f42f

Time (s): cpu = 00:00:01 ; elapsed = 00:00:01 . Memory (MB): peak = 1874.609 ; gain = 0.000

Phase 2.2 Update Timing before SLR Path Opt
Phase 2.2 Update Timing before SLR Path Opt | Checksum: d532f42f

Time (s): cpu = 00:00:01 ; elapsed = 00:00:01 . Memory (MB): peak = 1874.609 ; gain = 0.000

Phase 2.3 Post-Processing in Floorplanning
Phase 2.3 Post-Processing in Floorplanning | Checksum: d532f42f

Time (s): cpu = 00:00:01 ; elapsed = 00:00:01 . Memory (MB): peak = 1874.609 ; gain = 0.000

Phase 2.4 Global Placement Core
WARNING: [Place 46-29] Timing had been disabled during Placer and, therefore, physical synthesis in Placer will be skipped.
Phase 2.4 Global Placement Core | Checksum: 12bf146e7

Time (s): cpu = 00:00:03 ; elapsed = 00:00:03 . Memory (MB): peak = 1874.609 ; gain = 0.000
Phase 2 Global Placement | Checksum: 12bf146e7

Time (s): cpu = 00:00:03 ; elapsed = 00:00:03 . Memory (MB): peak = 1874.609 ; gain = 0.000

Phase 3 Detail Placement

Phase 3.1 Commit Multi Column Macros
Phase 3.1 Commit Multi Column Macros | Checksum: 12bf146e7

Time (s): cpu = 00:00:03 ; elapsed = 00:00:03 . Memory (MB): peak = 1874.609 ; gain = 0.000

Phase 3.2 Commit Most Macros & LUTRAMs
Phase 3.2 Commit Most Macros & LUTRAMs | Checksum: aab9768b

Time (s): cpu = 00:00:03 ; elapsed = 00:00:03 . Memory (MB): peak = 1874.609 ; gain = 0.000

Phase 3.3 Area Swap Optimization
Phase 3.3 Area Swap Optimization | Checksum: 17a2b0eb7

Time (s): cpu = 00:00:03 ; elapsed = 00:00:03 . Memory (MB): peak = 1874.609 ; gain = 0.000

Phase 3.4 Pipeline Register Optimization
Phase 3.4 Pipeline Register Optimization | Checksum: 17a2b0eb7

Time (s): cpu = 00:00:03 ; elapsed = 00:00:03 . Memory (MB): peak = 1874.609 ; gain = 0.000

Phase 3.5 Small Shape Detail Placement
Phase 3.5 Small Shape Detail Placement | Checksum: c9790e7a

Time (s): cpu = 00:00:04 ; elapsed = 00:00:03 . Memory (MB): peak = 1874.609 ; gain = 0.000

Phase 3.6 Re-assign LUT pins
Phase 3.6 Re-assign LUT pins | Checksum: c9790e7a

Time (s): cpu = 00:00:04 ; elapsed = 00:00:03 . Memory (MB): peak = 1874.609 ; gain = 0.000

Phase 3.7 Pipeline Register Optimization
Phase 3.7 Pipeline Register Optimization | Checksum: c9790e7a

Time (s): cpu = 00:00:04 ; elapsed = 00:00:03 . Memory (MB): peak = 1874.609 ; gain = 0.000
Phase 3 Detail Placement | Checksum: c9790e7a

Time (s): cpu = 00:00:04 ; elapsed = 00:00:03 . Memory (MB): peak = 1874.609 ; gain = 0.000

Phase 4 Post Placement Optimization and Clean-Up

Phase 4.1 Post Commit Optimization
Phase 4.1 Post Commit Optimization | Checksum: c9790e7a

Time (s): cpu = 00:00:04 ; elapsed = 00:00:03 . Memory (MB): peak = 1874.609 ; gain = 0.000

Phase 4.2 Post Placement Cleanup
Phase 4.2 Post Placement Cleanup | Checksum: c9790e7a

Time (s): cpu = 00:00:04 ; elapsed = 00:00:03 . Memory (MB): peak = 1874.609 ; gain = 0.000

Phase 4.3 Placer Reporting

Phase 4.3.1 Print Estimated Congestion
INFO: [Place 30-612] Post-Placement Estimated Congestion 
 ____________________________________________________
|           | Global Congestion | Short Congestion  |
| Direction | Region Size       | Region Size       |
|___________|___________________|___________________|
|      North|                1x1|                1x1|
|___________|___________________|___________________|
|      South|                1x1|                1x1|
|___________|___________________|___________________|
|       East|                1x1|                1x1|
|___________|___________________|___________________|
|       West|                1x1|                1x1|
|___________|___________________|___________________|

Phase 4.3.1 Print Estimated Congestion | Checksum: c9790e7a

Time (s): cpu = 00:00:04 ; elapsed = 00:00:03 . Memory (MB): peak = 1874.609 ; gain = 0.000
Phase 4.3 Placer Reporting | Checksum: c9790e7a

Time (s): cpu = 00:00:04 ; elapsed = 00:00:03 . Memory (MB): peak = 1874.609 ; gain = 0.000

Phase 4.4 Final Placement Cleanup
Netlist sorting complete. Time (s): cpu = 00:00:00 ; elapsed = 00:00:00 . Memory (MB): peak = 1874.609 ; gain = 0.000

Time (s): cpu = 00:00:04 ; elapsed = 00:00:03 . Memory (MB): peak = 1874.609 ; gain = 0.000
Phase 4 Post Placement Optimization and Clean-Up | Checksum: c9790e7a

Time (s): cpu = 00:00:04 ; elapsed = 00:00:03 . Memory (MB): peak = 1874.609 ; gain = 0.000
Ending Placer Task | Checksum: 819c02cb

Time (s): cpu = 00:00:04 ; elapsed = 00:00:03 . Memory (MB): peak = 1874.609 ; gain = 0.000
INFO: [Common 17-83] Releasing license: Implementation
42 Infos, 1 Warnings, 0 Critical Warnings and 0 Errors encountered.
place_design completed successfully
Writing XDEF routing.
Writing XDEF routing logical nets.
Writing XDEF routing special nets.
Write XDEF Complete: Time (s): cpu = 00:00:00 ; elapsed = 00:00:00.302 . Memory (MB): peak = 1874.609 ; gain = 0.000
INFO: [Common 17-1381] The checkpoint 'C:/Users/narsi/Desktop/projects/Project_BUG/FIR/FIR_Filter_cgat/FIR_Filter_cgat_D/FIR_Filter_cgat_g_/FIR_Filter_cgat_bug.runs/impl_1/FIR_Filter_cgat_placed.dcp' has been generated.
INFO: [runtcl-4] Executing : report_io -file FIR_Filter_cgat_io_placed.rpt
report_io: Time (s): cpu = 00:00:00 ; elapsed = 00:00:00.120 . Memory (MB): peak = 1874.609 ; gain = 0.000
INFO: [runtcl-4] Executing : report_utilization -file FIR_Filter_cgat_utilization_placed.rpt -pb FIR_Filter_cgat_utilization_placed.pb
INFO: [runtcl-4] Executing : report_control_sets -verbose -file FIR_Filter_cgat_control_sets_placed.rpt
report_control_sets: Time (s): cpu = 00:00:00 ; elapsed = 00:00:00.006 . Memory (MB): peak = 1874.609 ; gain = 0.000
Command: phys_opt_design
Attempting to get a license for feature 'Implementation' and/or device 'xc7z020'
INFO: [Common 17-349] Got license for feature 'Implementation' and/or device 'xc7z020'

Starting Initial Update Timing Task

Time (s): cpu = 00:00:00 ; elapsed = 00:00:00.114 . Memory (MB): peak = 1882.371 ; gain = 7.762
INFO: [Vivado_Tcl 4-235] No timing constraint found. The netlist was not modified.
INFO: [Common 17-83] Releasing license: Implementation
49 Infos, 1 Warnings, 0 Critical Warnings and 0 Errors encountered.
phys_opt_design completed successfully
Writing XDEF routing.
Writing XDEF routing logical nets.
Writing XDEF routing special nets.
Write XDEF Complete: Time (s): cpu = 00:00:00 ; elapsed = 00:00:00.195 . Memory (MB): peak = 1900.227 ; gain = 17.855
INFO: [Common 17-1381] The checkpoint 'C:/Users/narsi/Desktop/projects/Project_BUG/FIR/FIR_Filter_cgat/FIR_Filter_cgat_D/FIR_Filter_cgat_g_/FIR_Filter_cgat_bug.runs/impl_1/FIR_Filter_cgat_physopt.dcp' has been generated.
Command: route_design
Attempting to get a license for feature 'Implementation' and/or device 'xc7z020'
INFO: [Common 17-349] Got license for feature 'Implementation' and/or device 'xc7z020'
Running DRC as a precondition to command route_design
INFO: [DRC 23-27] Running DRC with 2 threads
INFO: [Vivado_Tcl 4-198] DRC finished with 0 Errors
INFO: [Vivado_Tcl 4-199] Please refer to the DRC report (report_drc) for more information.


Starting Routing Task
INFO: [Route 35-254] Multithreading enabled for route_design using a maximum of 2 CPUs

Phase 1 Build RT Design
Checksum: PlaceDB: 67ba16a6 ConstDB: 0 ShapeSum: 19e1ec25 RouteDB: 0
Post Restoration Checksum: NetGraph: 992c28c0 NumContArr: 96cc4e5c Constraints: 0 Timing: 0
Phase 1 Build RT Design | Checksum: 12ff8771c

Time (s): cpu = 00:00:38 ; elapsed = 00:00:34 . Memory (MB): peak = 2002.242 ; gain = 92.883

Phase 2 Router Initialization
INFO: [Route 35-64] No timing constraints were detected. The router will operate in resource-optimization mode.

Phase 2.1 Fix Topology Constraints
Phase 2.1 Fix Topology Constraints | Checksum: 12ff8771c

Time (s): cpu = 00:00:38 ; elapsed = 00:00:34 . Memory (MB): peak = 2008.902 ; gain = 99.543

Phase 2.2 Pre Route Cleanup
Phase 2.2 Pre Route Cleanup | Checksum: 12ff8771c

Time (s): cpu = 00:00:38 ; elapsed = 00:00:34 . Memory (MB): peak = 2008.902 ; gain = 99.543
 Number of Nodes with overlaps = 0

Router Utilization Summary
  Global Vertical Routing Utilization    = 0 %
  Global Horizontal Routing Utilization  = 0 %
  Routable Net Status*
  *Does not include unroutable nets such as driverless and loadless.
  Run report_route_status for detailed report.
  Number of Failed Nets               = 2475
    (Failed Nets is the sum of unrouted and partially routed nets)
  Number of Unrouted Nets             = 2475
  Number of Partially Routed Nets     = 0
  Number of Node Overlaps             = 0

Phase 2 Router Initialization | Checksum: 11c0b2ef9

Time (s): cpu = 00:00:39 ; elapsed = 00:00:35 . Memory (MB): peak = 2026.016 ; gain = 116.656

Phase 3 Initial Routing

Phase 3.1 Global Routing
Phase 3.1 Global Routing | Checksum: 11c0b2ef9

Time (s): cpu = 00:00:39 ; elapsed = 00:00:35 . Memory (MB): peak = 2026.016 ; gain = 116.656
Phase 3 Initial Routing | Checksum: 1be0df6bf

Time (s): cpu = 00:00:39 ; elapsed = 00:00:35 . Memory (MB): peak = 2026.016 ; gain = 116.656

Phase 4 Rip-up And Reroute

Phase 4.1 Global Iteration 0
 Number of Nodes with overlaps = 0
Phase 4.1 Global Iteration 0 | Checksum: e3576818

Time (s): cpu = 00:00:39 ; elapsed = 00:00:35 . Memory (MB): peak = 2026.016 ; gain = 116.656
Phase 4 Rip-up And Reroute | Checksum: e3576818

Time (s): cpu = 00:00:39 ; elapsed = 00:00:35 . Memory (MB): peak = 2026.016 ; gain = 116.656

Phase 5 Delay and Skew Optimization
Phase 5 Delay and Skew Optimization | Checksum: e3576818

Time (s): cpu = 00:00:39 ; elapsed = 00:00:35 . Memory (MB): peak = 2026.016 ; gain = 116.656

Phase 6 Post Hold Fix

Phase 6.1 Hold Fix Iter
Phase 6.1 Hold Fix Iter | Checksum: e3576818

Time (s): cpu = 00:00:39 ; elapsed = 00:00:35 . Memory (MB): peak = 2026.016 ; gain = 116.656
Phase 6 Post Hold Fix | Checksum: e3576818

Time (s): cpu = 00:00:39 ; elapsed = 00:00:35 . Memory (MB): peak = 2026.016 ; gain = 116.656

Phase 7 Route finalize

Router Utilization Summary
  Global Vertical Routing Utilization    = 0.244434 %
  Global Horizontal Routing Utilization  = 0.191515 %
  Routable Net Status*
  *Does not include unroutable nets such as driverless and loadless.
  Run report_route_status for detailed report.
  Number of Failed Nets               = 0
    (Failed Nets is the sum of unrouted and partially routed nets)
  Number of Unrouted Nets             = 0
  Number of Partially Routed Nets     = 0
  Number of Node Overlaps             = 0

Congestion Report
North Dir 1x1 Area, Max Cong = 36.9369%, No Congested Regions.
South Dir 1x1 Area, Max Cong = 27.027%, No Congested Regions.
East Dir 1x1 Area, Max Cong = 23.5294%, No Congested Regions.
West Dir 1x1 Area, Max Cong = 26.4706%, No Congested Regions.

------------------------------
Reporting congestion hotspots
------------------------------
Direction: North
----------------
Congested clusters found at Level 0
Effective congestion level: 0 Aspect Ratio: 1 Sparse Ratio: 0
Direction: South
----------------
Congested clusters found at Level 0
Effective congestion level: 0 Aspect Ratio: 1 Sparse Ratio: 0
Direction: East
----------------
Congested clusters found at Level 0
Effective congestion level: 0 Aspect Ratio: 1 Sparse Ratio: 0
Direction: West
----------------
Congested clusters found at Level 0
Effective congestion level: 0 Aspect Ratio: 1 Sparse Ratio: 0

Phase 7 Route finalize | Checksum: e3576818

Time (s): cpu = 00:00:39 ; elapsed = 00:00:36 . Memory (MB): peak = 2026.016 ; gain = 116.656

Phase 8 Verifying routed nets

 Verification completed successfully
Phase 8 Verifying routed nets | Checksum: e3576818

Time (s): cpu = 00:00:39 ; elapsed = 00:00:36 . Memory (MB): peak = 2026.016 ; gain = 116.656

Phase 9 Depositing Routes
Phase 9 Depositing Routes | Checksum: 13f58d0ab

Time (s): cpu = 00:00:39 ; elapsed = 00:00:36 . Memory (MB): peak = 2026.016 ; gain = 116.656
INFO: [Route 35-16] Router Completed Successfully

Time (s): cpu = 00:00:39 ; elapsed = 00:00:36 . Memory (MB): peak = 2026.016 ; gain = 116.656

Routing Is Done.
INFO: [Common 17-83] Releasing license: Implementation
58 Infos, 1 Warnings, 0 Critical Warnings and 0 Errors encountered.
route_design completed successfully
route_design: Time (s): cpu = 00:00:41 ; elapsed = 00:00:37 . Memory (MB): peak = 2026.016 ; gain = 125.789
Writing XDEF routing.
Writing XDEF routing logical nets.
Writing XDEF routing special nets.
Write XDEF Complete: Time (s): cpu = 00:00:01 ; elapsed = 00:00:00.239 . Memory (MB): peak = 2035.699 ; gain = 9.684
INFO: [Common 17-1381] The checkpoint 'C:/Users/narsi/Desktop/projects/Project_BUG/FIR/FIR_Filter_cgat/FIR_Filter_cgat_D/FIR_Filter_cgat_g_/FIR_Filter_cgat_bug.runs/impl_1/FIR_Filter_cgat_routed.dcp' has been generated.
INFO: [runtcl-4] Executing : report_drc -file FIR_Filter_cgat_drc_routed.rpt -pb FIR_Filter_cgat_drc_routed.pb -rpx FIR_Filter_cgat_drc_routed.rpx
Command: report_drc -file FIR_Filter_cgat_drc_routed.rpt -pb FIR_Filter_cgat_drc_routed.pb -rpx FIR_Filter_cgat_drc_routed.rpx
INFO: [IP_Flow 19-1839] IP Catalog is up to date.
INFO: [DRC 23-27] Running DRC with 2 threads
INFO: [Vivado_Tcl 2-168] The results of DRC are in file C:/Users/narsi/Desktop/projects/Project_BUG/FIR/FIR_Filter_cgat/FIR_Filter_cgat_D/FIR_Filter_cgat_g_/FIR_Filter_cgat_bug.runs/impl_1/FIR_Filter_cgat_drc_routed.rpt.
report_drc completed successfully
INFO: [runtcl-4] Executing : report_methodology -file FIR_Filter_cgat_methodology_drc_routed.rpt -pb FIR_Filter_cgat_methodology_drc_routed.pb -rpx FIR_Filter_cgat_methodology_drc_routed.rpx
Command: report_methodology -file FIR_Filter_cgat_methodology_drc_routed.rpt -pb FIR_Filter_cgat_methodology_drc_routed.pb -rpx FIR_Filter_cgat_methodology_drc_routed.rpx
INFO: [Timing 38-35] Done setting XDC timing constraints.
INFO: [DRC 23-133] Running Methodology with 2 threads
INFO: [Vivado_Tcl 2-1520] The results of Report Methodology are in file C:/Users/narsi/Desktop/projects/Project_BUG/FIR/FIR_Filter_cgat/FIR_Filter_cgat_D/FIR_Filter_cgat_g_/FIR_Filter_cgat_bug.runs/impl_1/FIR_Filter_cgat_methodology_drc_routed.rpt.
report_methodology completed successfully
INFO: [runtcl-4] Executing : report_power -file FIR_Filter_cgat_power_routed.rpt -pb FIR_Filter_cgat_power_summary_routed.pb -rpx FIR_Filter_cgat_power_routed.rpx
Command: report_power -file FIR_Filter_cgat_power_routed.rpt -pb FIR_Filter_cgat_power_summary_routed.pb -rpx FIR_Filter_cgat_power_routed.rpx
INFO: [Timing 38-35] Done setting XDC timing constraints.
WARNING: [Power 33-232] No user defined clocks were found in the design! Power estimation will be inaccurate until this is corrected.
Resolution: Please specify clocks using create_clock/create_generated_clock for sequential elements. For pure combinatorial circuits, please specify a virtual clock, otherwise the vectorless estimation might be inaccurate
Running Vector-less Activity Propagation...

Finished Running Vector-less Activity Propagation
69 Infos, 2 Warnings, 0 Critical Warnings and 0 Errors encountered.
report_power completed successfully
INFO: [runtcl-4] Executing : report_route_status -file FIR_Filter_cgat_route_status.rpt -pb FIR_Filter_cgat_route_status.pb
INFO: [runtcl-4] Executing : report_timing_summary -max_paths 10 -report_unconstrained -file FIR_Filter_cgat_timing_summary_routed.rpt -pb FIR_Filter_cgat_timing_summary_routed.pb -rpx FIR_Filter_cgat_timing_summary_routed.rpx -warn_on_violation 
INFO: [Timing 38-91] UpdateTimingParams: Speed grade: -1, Delay Type: min_max.
INFO: [Timing 38-191] Multithreading enabled for timing update using a maximum of 2 CPUs
WARNING: [Timing 38-313] There are no user specified timing constraints. Timing constraints are needed for proper timing analysis.
INFO: [runtcl-4] Executing : report_incremental_reuse -file FIR_Filter_cgat_incremental_reuse_routed.rpt
INFO: [Vivado_Tcl 4-1062] Incremental flow is disabled. No incremental reuse Info to report.
INFO: [runtcl-4] Executing : report_clock_utilization -file FIR_Filter_cgat_clock_utilization_routed.rpt
INFO: [runtcl-4] Executing : report_bus_skew -warn_on_violation -file FIR_Filter_cgat_bus_skew_routed.rpt -pb FIR_Filter_cgat_bus_skew_routed.pb -rpx FIR_Filter_cgat_bus_skew_routed.rpx
INFO: [Timing 38-91] UpdateTimingParams: Speed grade: -1, Delay Type: min_max.
INFO: [Timing 38-191] Multithreading enabled for timing update using a maximum of 2 CPUs
INFO: [Common 17-206] Exiting Vivado at Fri Apr  3 12:13:36 2026...
[Fri Apr  3 12:13:42 2026] impl_1 finished
wait_on_runs: Time (s): cpu = 00:00:01 ; elapsed = 00:01:57 . Memory (MB): peak = 981.695 ; gain = 0.000
# open_run impl_1
Netlist sorting complete. Time (s): cpu = 00:00:00 ; elapsed = 00:00:00.010 . Memory (MB): peak = 982.500 ; gain = 0.000
INFO: [Netlist 29-17] Analyzing 32 Unisim elements for replacement
INFO: [Netlist 29-28] Unisim Transformation completed in 0 CPU seconds
INFO: [Project 1-479] Netlist was created with Vivado 2022.2
INFO: [Project 1-570] Preparing netlist for logic optimization
Reading XDEF placement.
Reading placer database...
Reading XDEF routing.
Read XDEF Files: Time (s): cpu = 00:00:00 ; elapsed = 00:00:00.636 . Memory (MB): peak = 1097.492 ; gain = 23.895
Restored from archive | CPU: 0.000000 secs | Memory: 0.000000 MB |
Finished XDEF File Restore: Time (s): cpu = 00:00:00 ; elapsed = 00:00:00.643 . Memory (MB): peak = 1097.492 ; gain = 23.895
Netlist sorting complete. Time (s): cpu = 00:00:00 ; elapsed = 00:00:00 . Memory (MB): peak = 1486.922 ; gain = 0.000
INFO: [Project 1-111] Unisim Transformation Summary:
No Unisim elements were transformed.

open_run: Time (s): cpu = 00:00:05 ; elapsed = 00:00:07 . Memory (MB): peak = 1486.922 ; gain = 505.227
# report_utilization    -file [file join $build_dir utilization.rpt]
# report_timing_summary -file [file join $build_dir timing_summary.rpt]
INFO: [Timing 38-35] Done setting XDC timing constraints.
INFO: [Timing 38-91] UpdateTimingParams: Speed grade: -1, Delay Type: min_max.
INFO: [Timing 38-191] Multithreading enabled for timing update using a maximum of 2 CPUs
report_timing_summary: Time (s): cpu = 00:00:09 ; elapsed = 00:00:09 . Memory (MB): peak = 1659.836 ; gain = 172.914
# set sim_log [file join $build_dir sim.log]
# if {$run_sim} {
#   launch_simulation -simset sim_1 -mode behavioral
#   log_wave -recursive *
#   run all
#   catch { write_waveform -file [file join $build_dir waveform.wdb] }
#   if {[file exists "vivado.log"]} {
#     file copy -force "vivado.log" $sim_log
#   } else {
#     # create empty log
#     set fd [open $sim_log w]; puts $fd "No vivado.log"; close $fd
#   }
# } else {
#   # no sim run
#   set fd [open $sim_log w]; puts $fd "Simulation not run (no TB)"; close $fd
# }
Command: launch_simulation  -simset sim_1 -mode behavioral
INFO: [Vivado 12-12493] Simulation top is 'FIR_Filter_cga_tb'
WARNING: [Vivado 12-13340] Unable to auto find GCC executables from simulator install path! (path not set)
WARNING: [Vivado 12-13277] Compiled library path does not exist: ''
INFO: [Vivado 12-5682] Launching behavioral simulation in 'C:/Users/narsi/Desktop/projects/Project_BUG/FIR/FIR_Filter_cgat/FIR_Filter_cgat_D/FIR_Filter_cgat_g_/FIR_Filter_cgat_bug.sim/sim_1/behav/xsim'
INFO: [SIM-utils-51] Simulation object is 'sim_1'
INFO: [SIM-utils-72] Using boost library from 'C:/Xilinx/Vivado/2022.2/tps/boost_1_72_0'
INFO: [SIM-utils-54] Inspecting design source files for 'FIR_Filter_cga_tb' in fileset 'sim_1'...
INFO: [USF-XSim-97] Finding global include files...
INFO: [USF-XSim-98] Fetching design files from 'sim_1'...
INFO: [USF-XSim-2] XSim::Compile design
INFO: [USF-XSim-61] Executing 'COMPILE and ANALYZE' step in 'C:/Users/narsi/Desktop/projects/Project_BUG/FIR/FIR_Filter_cgat/FIR_Filter_cgat_D/FIR_Filter_cgat_g_/FIR_Filter_cgat_bug.sim/sim_1/behav/xsim'
"xvhdl --incr --relax -prj FIR_Filter_cga_tb_vhdl.prj"
INFO: [VRFC 10-163] Analyzing VHDL file "C:/Users/narsi/Desktop/projects/Project_BUG/FIR/FIR_Filter_cgat/FIR_Filter_cgat_D/rtl/FIR_Filter_cgat.vhd" into library xil_defaultlib
INFO: [VRFC 10-3107] analyzing entity 'FIR_Filter_cgat'
INFO: [VRFC 10-163] Analyzing VHDL file "C:/Users/narsi/Desktop/projects/Project_BUG/FIR/FIR_Filter_cgat/FIR_Filter_cgat_D/tb/FIR_Filter_cgat_tb.vhd" into library xil_defaultlib
INFO: [VRFC 10-3107] analyzing entity 'FIR_Filter_cga_tb'
INFO: [USF-XSim-69] 'compile' step finished in '3' seconds
INFO: [USF-XSim-3] XSim::Elaborate design
INFO: [USF-XSim-61] Executing 'ELABORATE' step in 'C:/Users/narsi/Desktop/projects/Project_BUG/FIR/FIR_Filter_cgat/FIR_Filter_cgat_D/FIR_Filter_cgat_g_/FIR_Filter_cgat_bug.sim/sim_1/behav/xsim'
"xelab --incr --debug typical --relax --mt 2 -L xil_defaultlib -L secureip --snapshot FIR_Filter_cga_tb_behav xil_defaultlib.FIR_Filter_cga_tb -log elaborate.log"
Vivado Simulator v2022.2
Copyright 1986-1999, 2001-2022 Xilinx, Inc. All Rights Reserved.
Running: C:/Xilinx/Vivado/2022.2/bin/unwrapped/win64.o/xelab.exe --incr --debug typical --relax --mt 2 -L xil_defaultlib -L secureip --snapshot FIR_Filter_cga_tb_behav xil_defaultlib.FIR_Filter_cga_tb -log elaborate.log 
Using 2 slave threads.
Starting static elaboration
Completed static elaboration
Starting simulation data flow analysis
Completed simulation data flow analysis
Time Resolution for simulation is 1ps
Compiling package std.standard
Compiling package std.textio
Compiling package ieee.std_logic_1164
Compiling package ieee.numeric_std
Compiling package std.env
Compiling architecture behavioral of entity xil_defaultlib.FIR_Filter_cgat [fir_filter_cgat_default]
Compiling architecture behavioral of entity xil_defaultlib.fir_filter_cga_tb
Built simulation snapshot FIR_Filter_cga_tb_behav
INFO: [USF-XSim-69] 'elaborate' step finished in '4' seconds
INFO: [USF-XSim-4] XSim::Simulate design
INFO: [USF-XSim-61] Executing 'SIMULATE' step in 'C:/Users/narsi/Desktop/projects/Project_BUG/FIR/FIR_Filter_cgat/FIR_Filter_cgat_D/FIR_Filter_cgat_g_/FIR_Filter_cgat_bug.sim/sim_1/behav/xsim'
INFO: [USF-XSim-98] *** Running xsim
   with args "FIR_Filter_cga_tb_behav -key {Behavioral:sim_1:Functional:FIR_Filter_cga_tb} -tclbatch {FIR_Filter_cga_tb.tcl} -log {simulate.log}"
INFO: [USF-XSim-8] Loading simulator feature
Time resolution is 1 ps
source FIR_Filter_cga_tb.tcl
## current_wave_config
Error: CLOCK_GATTING0
Time: 105 ns  Iteration: 0  Process: /FIR_Filter_cga_tb/line__155  File: C:/Users/narsi/Desktop/projects/Project_BUG/FIR/FIR_Filter_cgat/FIR_Filter_cgat_D/tb/FIR_Filter_cgat_tb.vhd
Error: CLOCK_GATTING1
Time: 115 ns  Iteration: 0  Process: /FIR_Filter_cga_tb/line__155  File: C:/Users/narsi/Desktop/projects/Project_BUG/FIR/FIR_Filter_cgat/FIR_Filter_cgat_D/tb/FIR_Filter_cgat_tb.vhd
Error: CLOCK_GATTING2
Time: 125 ns  Iteration: 0  Process: /FIR_Filter_cga_tb/line__155  File: C:/Users/narsi/Desktop/projects/Project_BUG/FIR/FIR_Filter_cgat/FIR_Filter_cgat_D/tb/FIR_Filter_cgat_tb.vhd
Error: CLOCK_GATTING3
Time: 135 ns  Iteration: 0  Process: /FIR_Filter_cga_tb/line__155  File: C:/Users/narsi/Desktop/projects/Project_BUG/FIR/FIR_Filter_cgat/FIR_Filter_cgat_D/tb/FIR_Filter_cgat_tb.vhd
Error: CLOCK_GATTING4
Time: 145 ns  Iteration: 0  Process: /FIR_Filter_cga_tb/line__155  File: C:/Users/narsi/Desktop/projects/Project_BUG/FIR/FIR_Filter_cgat/FIR_Filter_cgat_D/tb/FIR_Filter_cgat_tb.vhd
Error: CLOCK_GATTING5
Time: 155 ns  Iteration: 0  Process: /FIR_Filter_cga_tb/line__155  File: C:/Users/narsi/Desktop/projects/Project_BUG/FIR/FIR_Filter_cgat/FIR_Filter_cgat_D/tb/FIR_Filter_cgat_tb.vhd
Error: CLOCK_GATTING6
Time: 165 ns  Iteration: 0  Process: /FIR_Filter_cga_tb/line__155  File: C:/Users/narsi/Desktop/projects/Project_BUG/FIR/FIR_Filter_cgat/FIR_Filter_cgat_D/tb/FIR_Filter_cgat_tb.vhd
Error: CLOCK_GATTING7
Time: 175 ns  Iteration: 0  Process: /FIR_Filter_cga_tb/line__155  File: C:/Users/narsi/Desktop/projects/Project_BUG/FIR/FIR_Filter_cgat/FIR_Filter_cgat_D/tb/FIR_Filter_cgat_tb.vhd
Error: CLOCK_GATTING8
Time: 185 ns  Iteration: 0  Process: /FIR_Filter_cga_tb/line__155  File: C:/Users/narsi/Desktop/projects/Project_BUG/FIR/FIR_Filter_cgat/FIR_Filter_cgat_D/tb/FIR_Filter_cgat_tb.vhd
Error: CLOCK_GATTING9
Time: 195 ns  Iteration: 0  Process: /FIR_Filter_cga_tb/line__155  File: C:/Users/narsi/Desktop/projects/Project_BUG/FIR/FIR_Filter_cgat/FIR_Filter_cgat_D/tb/FIR_Filter_cgat_tb.vhd
Error: CLOCK_GATTING10
Time: 205 ns  Iteration: 0  Process: /FIR_Filter_cga_tb/line__155  File: C:/Users/narsi/Desktop/projects/Project_BUG/FIR/FIR_Filter_cgat/FIR_Filter_cgat_D/tb/FIR_Filter_cgat_tb.vhd
Error: CLOCK_GATTING11
Time: 215 ns  Iteration: 0  Process: /FIR_Filter_cga_tb/line__155  File: C:/Users/narsi/Desktop/projects/Project_BUG/FIR/FIR_Filter_cgat/FIR_Filter_cgat_D/tb/FIR_Filter_cgat_tb.vhd
Error: CLOCK_GATTING12
Time: 225 ns  Iteration: 0  Process: /FIR_Filter_cga_tb/line__155  File: C:/Users/narsi/Desktop/projects/Project_BUG/FIR/FIR_Filter_cgat/FIR_Filter_cgat_D/tb/FIR_Filter_cgat_tb.vhd
Error: CLOCK_GATTING13
Time: 235 ns  Iteration: 0  Process: /FIR_Filter_cga_tb/line__155  File: C:/Users/narsi/Desktop/projects/Project_BUG/FIR/FIR_Filter_cgat/FIR_Filter_cgat_D/tb/FIR_Filter_cgat_tb.vhd
Error: CLOCK_GATTING14
Time: 245 ns  Iteration: 0  Process: /FIR_Filter_cga_tb/line__155  File: C:/Users/narsi/Desktop/projects/Project_BUG/FIR/FIR_Filter_cgat/FIR_Filter_cgat_D/tb/FIR_Filter_cgat_tb.vhd
Error: CLOCK_GATTING15
Time: 255 ns  Iteration: 0  Process: /FIR_Filter_cga_tb/line__155  File: C:/Users/narsi/Desktop/projects/Project_BUG/FIR/FIR_Filter_cgat/FIR_Filter_cgat_D/tb/FIR_Filter_cgat_tb.vhd
Error: CLOCK_GATTING16
Time: 265 ns  Iteration: 0  Process: /FIR_Filter_cga_tb/line__155  File: C:/Users/narsi/Desktop/projects/Project_BUG/FIR/FIR_Filter_cgat/FIR_Filter_cgat_D/tb/FIR_Filter_cgat_tb.vhd
Error: CLOCK_GATTING17
Time: 275 ns  Iteration: 0  Process: /FIR_Filter_cga_tb/line__155  File: C:/Users/narsi/Desktop/projects/Project_BUG/FIR/FIR_Filter_cgat/FIR_Filter_cgat_D/tb/FIR_Filter_cgat_tb.vhd
Error: CLOCK_GATTING18
Time: 285 ns  Iteration: 0  Process: /FIR_Filter_cga_tb/line__155  File: C:/Users/narsi/Desktop/projects/Project_BUG/FIR/FIR_Filter_cgat/FIR_Filter_cgat_D/tb/FIR_Filter_cgat_tb.vhd
Error: CLOCK_GATTING19
Time: 295 ns  Iteration: 0  Process: /FIR_Filter_cga_tb/line__155  File: C:/Users/narsi/Desktop/projects/Project_BUG/FIR/FIR_Filter_cgat/FIR_Filter_cgat_D/tb/FIR_Filter_cgat_tb.vhd
Error: CLOCK_GATTING20
Time: 305 ns  Iteration: 0  Process: /FIR_Filter_cga_tb/line__155  File: C:/Users/narsi/Desktop/projects/Project_BUG/FIR/FIR_Filter_cgat/FIR_Filter_cgat_D/tb/FIR_Filter_cgat_tb.vhd
Error: CLOCK_GATTING21
Time: 315 ns  Iteration: 0  Process: /FIR_Filter_cga_tb/line__155  File: C:/Users/narsi/Desktop/projects/Project_BUG/FIR/FIR_Filter_cgat/FIR_Filter_cgat_D/tb/FIR_Filter_cgat_tb.vhd
Error: CLOCK_GATTING22
Time: 325 ns  Iteration: 0  Process: /FIR_Filter_cga_tb/line__155  File: C:/Users/narsi/Desktop/projects/Project_BUG/FIR/FIR_Filter_cgat/FIR_Filter_cgat_D/tb/FIR_Filter_cgat_tb.vhd
Error: CLOCK_GATTING23
Time: 335 ns  Iteration: 0  Process: /FIR_Filter_cga_tb/line__155  File: C:/Users/narsi/Desktop/projects/Project_BUG/FIR/FIR_Filter_cgat/FIR_Filter_cgat_D/tb/FIR_Filter_cgat_tb.vhd
Error: CLOCK_GATTING24
Time: 345 ns  Iteration: 0  Process: /FIR_Filter_cga_tb/line__155  File: C:/Users/narsi/Desktop/projects/Project_BUG/FIR/FIR_Filter_cgat/FIR_Filter_cgat_D/tb/FIR_Filter_cgat_tb.vhd
Error: CLOCK_GATTING25
Time: 355 ns  Iteration: 0  Process: /FIR_Filter_cga_tb/line__155  File: C:/Users/narsi/Desktop/projects/Project_BUG/FIR/FIR_Filter_cgat/FIR_Filter_cgat_D/tb/FIR_Filter_cgat_tb.vhd
Error: CLOCK_GATTING26
Time: 365 ns  Iteration: 0  Process: /FIR_Filter_cga_tb/line__155  File: C:/Users/narsi/Desktop/projects/Project_BUG/FIR/FIR_Filter_cgat/FIR_Filter_cgat_D/tb/FIR_Filter_cgat_tb.vhd
Error: CLOCK_GATTING27
Time: 375 ns  Iteration: 0  Process: /FIR_Filter_cga_tb/line__155  File: C:/Users/narsi/Desktop/projects/Project_BUG/FIR/FIR_Filter_cgat/FIR_Filter_cgat_D/tb/FIR_Filter_cgat_tb.vhd
Error: CLOCK_GATTING28
Time: 385 ns  Iteration: 0  Process: /FIR_Filter_cga_tb/line__155  File: C:/Users/narsi/Desktop/projects/Project_BUG/FIR/FIR_Filter_cgat/FIR_Filter_cgat_D/tb/FIR_Filter_cgat_tb.vhd
Error: CLOCK_GATTING29
Time: 395 ns  Iteration: 0  Process: /FIR_Filter_cga_tb/line__155  File: C:/Users/narsi/Desktop/projects/Project_BUG/FIR/FIR_Filter_cgat/FIR_Filter_cgat_D/tb/FIR_Filter_cgat_tb.vhd
Error: CLOCK_GATTING30
Time: 405 ns  Iteration: 0  Process: /FIR_Filter_cga_tb/line__155  File: C:/Users/narsi/Desktop/projects/Project_BUG/FIR/FIR_Filter_cgat/FIR_Filter_cgat_D/tb/FIR_Filter_cgat_tb.vhd
Error: CLOCK_GATTING31
Time: 415 ns  Iteration: 0  Process: /FIR_Filter_cga_tb/line__155  File: C:/Users/narsi/Desktop/projects/Project_BUG/FIR/FIR_Filter_cgat/FIR_Filter_cgat_D/tb/FIR_Filter_cgat_tb.vhd
Error: CLOCK_GATTING
Time: 585 ns  Iteration: 0  Process: /FIR_Filter_cga_tb/line__155  File: C:/Users/narsi/Desktop/projects/Project_BUG/FIR/FIR_Filter_cgat/FIR_Filter_cgat_D/tb/FIR_Filter_cgat_tb.vhd
Error: CLOCK_GATTING
Time: 595 ns  Iteration: 0  Process: /FIR_Filter_cga_tb/line__155  File: C:/Users/narsi/Desktop/projects/Project_BUG/FIR/FIR_Filter_cgat/FIR_Filter_cgat_D/tb/FIR_Filter_cgat_tb.vhd
Error: CLOCK_GATTING
Time: 605 ns  Iteration: 0  Process: /FIR_Filter_cga_tb/line__155  File: C:/Users/narsi/Desktop/projects/Project_BUG/FIR/FIR_Filter_cgat/FIR_Filter_cgat_D/tb/FIR_Filter_cgat_tb.vhd
Error: CLOCK_GATTING
Time: 615 ns  Iteration: 0  Process: /FIR_Filter_cga_tb/line__155  File: C:/Users/narsi/Desktop/projects/Project_BUG/FIR/FIR_Filter_cgat/FIR_Filter_cgat_D/tb/FIR_Filter_cgat_tb.vhd
Error: CLOCK_GATTING
Time: 625 ns  Iteration: 0  Process: /FIR_Filter_cga_tb/line__155  File: C:/Users/narsi/Desktop/projects/Project_BUG/FIR/FIR_Filter_cgat/FIR_Filter_cgat_D/tb/FIR_Filter_cgat_tb.vhd
Error: CLOCK_GATTING
Time: 635 ns  Iteration: 0  Process: /FIR_Filter_cga_tb/line__155  File: C:/Users/narsi/Desktop/projects/Project_BUG/FIR/FIR_Filter_cgat/FIR_Filter_cgat_D/tb/FIR_Filter_cgat_tb.vhd
Error: CLOCK_GATTING
Time: 645 ns  Iteration: 0  Process: /FIR_Filter_cga_tb/line__155  File: C:/Users/narsi/Desktop/projects/Project_BUG/FIR/FIR_Filter_cgat/FIR_Filter_cgat_D/tb/FIR_Filter_cgat_tb.vhd
Error: CLOCK_GATTING
Time: 655 ns  Iteration: 0  Process: /FIR_Filter_cga_tb/line__155  File: C:/Users/narsi/Desktop/projects/Project_BUG/FIR/FIR_Filter_cgat/FIR_Filter_cgat_D/tb/FIR_Filter_cgat_tb.vhd
Error: CLOCK_GATTING
Time: 665 ns  Iteration: 0  Process: /FIR_Filter_cga_tb/line__155  File: C:/Users/narsi/Desktop/projects/Project_BUG/FIR/FIR_Filter_cgat/FIR_Filter_cgat_D/tb/FIR_Filter_cgat_tb.vhd
Error: CLOCK_GATTING
Time: 675 ns  Iteration: 0  Process: /FIR_Filter_cga_tb/line__155  File: C:/Users/narsi/Desktop/projects/Project_BUG/FIR/FIR_Filter_cgat/FIR_Filter_cgat_D/tb/FIR_Filter_cgat_tb.vhd
Error: CLOCK_GATTING
Time: 685 ns  Iteration: 0  Process: /FIR_Filter_cga_tb/line__155  File: C:/Users/narsi/Desktop/projects/Project_BUG/FIR/FIR_Filter_cgat/FIR_Filter_cgat_D/tb/FIR_Filter_cgat_tb.vhd
Error: CLOCK_GATTING
Time: 695 ns  Iteration: 0  Process: /FIR_Filter_cga_tb/line__155  File: C:/Users/narsi/Desktop/projects/Project_BUG/FIR/FIR_Filter_cgat/FIR_Filter_cgat_D/tb/FIR_Filter_cgat_tb.vhd
Error: CLOCK_GATTING
Time: 705 ns  Iteration: 0  Process: /FIR_Filter_cga_tb/line__155  File: C:/Users/narsi/Desktop/projects/Project_BUG/FIR/FIR_Filter_cgat/FIR_Filter_cgat_D/tb/FIR_Filter_cgat_tb.vhd
Error: CLOCK_GATTING
Time: 715 ns  Iteration: 0  Process: /FIR_Filter_cga_tb/line__155  File: C:/Users/narsi/Desktop/projects/Project_BUG/FIR/FIR_Filter_cgat/FIR_Filter_cgat_D/tb/FIR_Filter_cgat_tb.vhd
Error: CLOCK_GATTING
Time: 725 ns  Iteration: 0  Process: /FIR_Filter_cga_tb/line__155  File: C:/Users/narsi/Desktop/projects/Project_BUG/FIR/FIR_Filter_cgat/FIR_Filter_cgat_D/tb/FIR_Filter_cgat_tb.vhd
Error: CLOCK_GATTING
Time: 735 ns  Iteration: 0  Process: /FIR_Filter_cga_tb/line__155  File: C:/Users/narsi/Desktop/projects/Project_BUG/FIR/FIR_Filter_cgat/FIR_Filter_cgat_D/tb/FIR_Filter_cgat_tb.vhd
Error: CLOCK_GATTING
Time: 745 ns  Iteration: 0  Process: /FIR_Filter_cga_tb/line__155  File: C:/Users/narsi/Desktop/projects/Project_BUG/FIR/FIR_Filter_cgat/FIR_Filter_cgat_D/tb/FIR_Filter_cgat_tb.vhd
Error: CLOCK_GATTING
Time: 755 ns  Iteration: 0  Process: /FIR_Filter_cga_tb/line__155  File: C:/Users/narsi/Desktop/projects/Project_BUG/FIR/FIR_Filter_cgat/FIR_Filter_cgat_D/tb/FIR_Filter_cgat_tb.vhd
Error: CLOCK_GATTING
Time: 765 ns  Iteration: 0  Process: /FIR_Filter_cga_tb/line__155  File: C:/Users/narsi/Desktop/projects/Project_BUG/FIR/FIR_Filter_cgat/FIR_Filter_cgat_D/tb/FIR_Filter_cgat_tb.vhd
Error: CLOCK_GATTING
Time: 775 ns  Iteration: 0  Process: /FIR_Filter_cga_tb/line__155  File: C:/Users/narsi/Desktop/projects/Project_BUG/FIR/FIR_Filter_cgat/FIR_Filter_cgat_D/tb/FIR_Filter_cgat_tb.vhd
Error: CLOCK_GATTING
Time: 785 ns  Iteration: 0  Process: /FIR_Filter_cga_tb/line__155  File: C:/Users/narsi/Desktop/projects/Project_BUG/FIR/FIR_Filter_cgat/FIR_Filter_cgat_D/tb/FIR_Filter_cgat_tb.vhd
Error: CLOCK_GATTING
Time: 795 ns  Iteration: 0  Process: /FIR_Filter_cga_tb/line__155  File: C:/Users/narsi/Desktop/projects/Project_BUG/FIR/FIR_Filter_cgat/FIR_Filter_cgat_D/tb/FIR_Filter_cgat_tb.vhd
Error: CLOCK_GATTING
Time: 805 ns  Iteration: 0  Process: /FIR_Filter_cga_tb/line__155  File: C:/Users/narsi/Desktop/projects/Project_BUG/FIR/FIR_Filter_cgat/FIR_Filter_cgat_D/tb/FIR_Filter_cgat_tb.vhd
Error: CLOCK_GATTING
Time: 815 ns  Iteration: 0  Process: /FIR_Filter_cga_tb/line__155  File: C:/Users/narsi/Desktop/projects/Project_BUG/FIR/FIR_Filter_cgat/FIR_Filter_cgat_D/tb/FIR_Filter_cgat_tb.vhd
Error: CLOCK_GATTING
Time: 825 ns  Iteration: 0  Process: /FIR_Filter_cga_tb/line__155  File: C:/Users/narsi/Desktop/projects/Project_BUG/FIR/FIR_Filter_cgat/FIR_Filter_cgat_D/tb/FIR_Filter_cgat_tb.vhd
Error: CLOCK_GATTING
Time: 835 ns  Iteration: 0  Process: /FIR_Filter_cga_tb/line__155  File: C:/Users/narsi/Desktop/projects/Project_BUG/FIR/FIR_Filter_cgat/FIR_Filter_cgat_D/tb/FIR_Filter_cgat_tb.vhd
Error: CLOCK_GATTING
Time: 845 ns  Iteration: 0  Process: /FIR_Filter_cga_tb/line__155  File: C:/Users/narsi/Desktop/projects/Project_BUG/FIR/FIR_Filter_cgat/FIR_Filter_cgat_D/tb/FIR_Filter_cgat_tb.vhd
Error: CLOCK_GATTING
Time: 855 ns  Iteration: 0  Process: /FIR_Filter_cga_tb/line__155  File: C:/Users/narsi/Desktop/projects/Project_BUG/FIR/FIR_Filter_cgat/FIR_Filter_cgat_D/tb/FIR_Filter_cgat_tb.vhd
Error: CLOCK_GATTING
Time: 865 ns  Iteration: 0  Process: /FIR_Filter_cga_tb/line__155  File: C:/Users/narsi/Desktop/projects/Project_BUG/FIR/FIR_Filter_cgat/FIR_Filter_cgat_D/tb/FIR_Filter_cgat_tb.vhd
Error: CLOCK_GATTING
Time: 875 ns  Iteration: 0  Process: /FIR_Filter_cga_tb/line__155  File: C:/Users/narsi/Desktop/projects/Project_BUG/FIR/FIR_Filter_cgat/FIR_Filter_cgat_D/tb/FIR_Filter_cgat_tb.vhd
Error: CLOCK_GATTING
Time: 885 ns  Iteration: 0  Process: /FIR_Filter_cga_tb/line__155  File: C:/Users/narsi/Desktop/projects/Project_BUG/FIR/FIR_Filter_cgat/FIR_Filter_cgat_D/tb/FIR_Filter_cgat_tb.vhd
Error: CLOCK_GATTING
Time: 895 ns  Iteration: 0  Process: /FIR_Filter_cga_tb/line__155  File: C:/Users/narsi/Desktop/projects/Project_BUG/FIR/FIR_Filter_cgat/FIR_Filter_cgat_D/tb/FIR_Filter_cgat_tb.vhd
Note: SIMULATION COMPLETE ?
Time: 900 ns  Iteration: 0  Process: /FIR_Filter_cga_tb/line__88  File: C:/Users/narsi/Desktop/projects/Project_BUG/FIR/FIR_Filter_cgat/FIR_Filter_cgat_D/tb/FIR_Filter_cgat_tb.vhd
Error: CLOCK_GATTING
Time: 905 ns  Iteration: 0  Process: /FIR_Filter_cga_tb/line__155  File: C:/Users/narsi/Desktop/projects/Project_BUG/FIR/FIR_Filter_cgat/FIR_Filter_cgat_D/tb/FIR_Filter_cgat_tb.vhd
Error: CLOCK_GATTING
Time: 915 ns  Iteration: 0  Process: /FIR_Filter_cga_tb/line__155  File: C:/Users/narsi/Desktop/projects/Project_BUG/FIR/FIR_Filter_cgat/FIR_Filter_cgat_D/tb/FIR_Filter_cgat_tb.vhd
Note: Simulation completed.
Time: 920 ns  Iteration: 0  Process: /FIR_Filter_cga_tb/line__88  File: C:/Users/narsi/Desktop/projects/Project_BUG/FIR/FIR_Filter_cgat/FIR_Filter_cgat_D/tb/FIR_Filter_cgat_tb.vhd
$stop called at time : 920 ns : File "C:/Users/narsi/Desktop/projects/Project_BUG/FIR/FIR_Filter_cgat/FIR_Filter_cgat_D/tb/FIR_Filter_cgat_tb.vhd" Line 151
INFO: [USF-XSim-96] XSim completed. Design snapshot 'FIR_Filter_cga_tb_behav' loaded.
INFO: [USF-XSim-97] XSim simulation ran for 1000ns
launch_simulation: Time (s): cpu = 00:00:01 ; elapsed = 00:00:10 . Memory (MB): peak = 1673.035 ; gain = 13.199
Error: CLOCK_GATTING
Time: 925 ns  Iteration: 0  Process: /FIR_Filter_cga_tb/line__155  File: C:/Users/narsi/Desktop/projects/Project_BUG/FIR/FIR_Filter_cgat/FIR_Filter_cgat_D/tb/FIR_Filter_cgat_tb.vhd
Error: CLOCK_GATTING
Time: 935 ns  Iteration: 0  Process: /FIR_Filter_cga_tb/line__155  File: C:/Users/narsi/Desktop/projects/Project_BUG/FIR/FIR_Filter_cgat/FIR_Filter_cgat_D/tb/FIR_Filter_cgat_tb.vhd
Error: CLOCK_GATTING
Time: 945 ns  Iteration: 0  Process: /FIR_Filter_cga_tb/line__155  File: C:/Users/narsi/Desktop/projects/Project_BUG/FIR/FIR_Filter_cgat/FIR_Filter_cgat_D/tb/FIR_Filter_cgat_tb.vhd
Error: CLOCK_GATTING
Time: 955 ns  Iteration: 0  Process: /FIR_Filter_cga_tb/line__155  File: C:/Users/narsi/Desktop/projects/Project_BUG/FIR/FIR_Filter_cgat/FIR_Filter_cgat_D/tb/FIR_Filter_cgat_tb.vhd
Error: CLOCK_GATTING
Time: 965 ns  Iteration: 0  Process: /FIR_Filter_cga_tb/line__155  File: C:/Users/narsi/Desktop/projects/Project_BUG/FIR/FIR_Filter_cgat/FIR_Filter_cgat_D/tb/FIR_Filter_cgat_tb.vhd
Error: CLOCK_GATTING
Time: 975 ns  Iteration: 0  Process: /FIR_Filter_cga_tb/line__155  File: C:/Users/narsi/Desktop/projects/Project_BUG/FIR/FIR_Filter_cgat/FIR_Filter_cgat_D/tb/FIR_Filter_cgat_tb.vhd
Error: CLOCK_GATTING
Time: 985 ns  Iteration: 0  Process: /FIR_Filter_cga_tb/line__155  File: C:/Users/narsi/Desktop/projects/Project_BUG/FIR/FIR_Filter_cgat/FIR_Filter_cgat_D/tb/FIR_Filter_cgat_tb.vhd
Error: CLOCK_GATTING
Time: 995 ns  Iteration: 0  Process: /FIR_Filter_cga_tb/line__155  File: C:/Users/narsi/Desktop/projects/Project_BUG/FIR/FIR_Filter_cgat/FIR_Filter_cgat_D/tb/FIR_Filter_cgat_tb.vhd
Error: CLOCK_GATTING
Time: 1005 ns  Iteration: 0  Process: /FIR_Filter_cga_tb/line__155  File: C:/Users/narsi/Desktop/projects/Project_BUG/FIR/FIR_Filter_cgat/FIR_Filter_cgat_D/tb/FIR_Filter_cgat_tb.vhd
Error: CLOCK_GATTING
Time: 1015 ns  Iteration: 0  Process: /FIR_Filter_cga_tb/line__155  File: C:/Users/narsi/Desktop/projects/Project_BUG/FIR/FIR_Filter_cgat/FIR_Filter_cgat_D/tb/FIR_Filter_cgat_tb.vhd
Error: CLOCK_GATTING
Time: 1025 ns  Iteration: 0  Process: /FIR_Filter_cga_tb/line__155  File: C:/Users/narsi/Desktop/projects/Project_BUG/FIR/FIR_Filter_cgat/FIR_Filter_cgat_D/tb/FIR_Filter_cgat_tb.vhd
Error: CLOCK_GATTING
Time: 1035 ns  Iteration: 0  Process: /FIR_Filter_cga_tb/line__155  File: C:/Users/narsi/Desktop/projects/Project_BUG/FIR/FIR_Filter_cgat/FIR_Filter_cgat_D/tb/FIR_Filter_cgat_tb.vhd
Error: CLOCK_GATTING
Time: 1045 ns  Iteration: 0  Process: /FIR_Filter_cga_tb/line__155  File: C:/Users/narsi/Desktop/projects/Project_BUG/FIR/FIR_Filter_cgat/FIR_Filter_cgat_D/tb/FIR_Filter_cgat_tb.vhd
Error: CLOCK_GATTING
Time: 1055 ns  Iteration: 0  Process: /FIR_Filter_cga_tb/line__155  File: C:/Users/narsi/Desktop/projects/Project_BUG/FIR/FIR_Filter_cgat/FIR_Filter_cgat_D/tb/FIR_Filter_cgat_tb.vhd
Error: CLOCK_GATTING
Time: 1065 ns  Iteration: 0  Process: /FIR_Filter_cga_tb/line__155  File: C:/Users/narsi/Desktop/projects/Project_BUG/FIR/FIR_Filter_cgat/FIR_Filter_cgat_D/tb/FIR_Filter_cgat_tb.vhd
Error: CLOCK_GATTING
Time: 1075 ns  Iteration: 0  Process: /FIR_Filter_cga_tb/line__155  File: C:/Users/narsi/Desktop/projects/Project_BUG/FIR/FIR_Filter_cgat/FIR_Filter_cgat_D/tb/FIR_Filter_cgat_tb.vhd
Error: CLOCK_GATTING
Time: 1085 ns  Iteration: 0  Process: /FIR_Filter_cga_tb/line__155  File: C:/Users/narsi/Desktop/projects/Project_BUG/FIR/FIR_Filter_cgat/FIR_Filter_cgat_D/tb/FIR_Filter_cgat_tb.vhd
Error: CLOCK_GATTING
Time: 1095 ns  Iteration: 0  Process: /FIR_Filter_cga_tb/line__155  File: C:/Users/narsi/Desktop/projects/Project_BUG/FIR/FIR_Filter_cgat/FIR_Filter_cgat_D/tb/FIR_Filter_cgat_tb.vhd
Error: CLOCK_GATTING
Time: 1105 ns  Iteration: 0  Process: /FIR_Filter_cga_tb/line__155  File: C:/Users/narsi/Desktop/projects/Project_BUG/FIR/FIR_Filter_cgat/FIR_Filter_cgat_D/tb/FIR_Filter_cgat_tb.vhd
Error: CLOCK_GATTING
Time: 1115 ns  Iteration: 0  Process: /FIR_Filter_cga_tb/line__155  File: C:/Users/narsi/Desktop/projects/Project_BUG/FIR/FIR_Filter_cgat/FIR_Filter_cgat_D/tb/FIR_Filter_cgat_tb.vhd
Error: CLOCK_GATTING
Time: 1125 ns  Iteration: 0  Process: /FIR_Filter_cga_tb/line__155  File: C:/Users/narsi/Desktop/projects/Project_BUG/FIR/FIR_Filter_cgat/FIR_Filter_cgat_D/tb/FIR_Filter_cgat_tb.vhd
Error: CLOCK_GATTING
Time: 1135 ns  Iteration: 0  Process: /FIR_Filter_cga_tb/line__155  File: C:/Users/narsi/Desktop/projects/Project_BUG/FIR/FIR_Filter_cgat/FIR_Filter_cgat_D/tb/FIR_Filter_cgat_tb.vhd
Error: CLOCK_GATTING
Time: 1145 ns  Iteration: 0  Process: /FIR_Filter_cga_tb/line__155  File: C:/Users/narsi/Desktop/projects/Project_BUG/FIR/FIR_Filter_cgat/FIR_Filter_cgat_D/tb/FIR_Filter_cgat_tb.vhd
Error: CLOCK_GATTING
Time: 1155 ns  Iteration: 0  Process: /FIR_Filter_cga_tb/line__155  File: C:/Users/narsi/Desktop/projects/Project_BUG/FIR/FIR_Filter_cgat/FIR_Filter_cgat_D/tb/FIR_Filter_cgat_tb.vhd
Error: CLOCK_GATTING
Time: 1165 ns  Iteration: 0  Process: /FIR_Filter_cga_tb/line__155  File: C:/Users/narsi/Desktop/projects/Project_BUG/FIR/FIR_Filter_cgat/FIR_Filter_cgat_D/tb/FIR_Filter_cgat_tb.vhd
Error: CLOCK_GATTING
Time: 1175 ns  Iteration: 0  Process: /FIR_Filter_cga_tb/line__155  File: C:/Users/narsi/Desktop/projects/Project_BUG/FIR/FIR_Filter_cgat/FIR_Filter_cgat_D/tb/FIR_Filter_cgat_tb.vhd
Error: CLOCK_GATTING
Time: 1185 ns  Iteration: 0  Process: /FIR_Filter_cga_tb/line__155  File: C:/Users/narsi/Desktop/projects/Project_BUG/FIR/FIR_Filter_cgat/FIR_Filter_cgat_D/tb/FIR_Filter_cgat_tb.vhd
Error: CLOCK_GATTING
Time: 1195 ns  Iteration: 0  Process: /FIR_Filter_cga_tb/line__155  File: C:/Users/narsi/Desktop/projects/Project_BUG/FIR/FIR_Filter_cgat/FIR_Filter_cgat_D/tb/FIR_Filter_cgat_tb.vhd
Error: CLOCK_GATTING
Time: 1205 ns  Iteration: 0  Process: /FIR_Filter_cga_tb/line__155  File: C:/Users/narsi/Desktop/projects/Project_BUG/FIR/FIR_Filter_cgat/FIR_Filter_cgat_D/tb/FIR_Filter_cgat_tb.vhd
Error: CLOCK_GATTING
Time: 1215 ns  Iteration: 0  Process: /FIR_Filter_cga_tb/line__155  File: C:/Users/narsi/Desktop/projects/Project_BUG/FIR/FIR_Filter_cgat/FIR_Filter_cgat_D/tb/FIR_Filter_cgat_tb.vhd
Error: CLOCK_GATTING
Time: 1225 ns  Iteration: 0  Process: /FIR_Filter_cga_tb/line__155  File: C:/Users/narsi/Desktop/projects/Project_BUG/FIR/FIR_Filter_cgat/FIR_Filter_cgat_D/tb/FIR_Filter_cgat_tb.vhd
Error: CLOCK_GATTING
Time: 1235 ns  Iteration: 0  Process: /FIR_Filter_cga_tb/line__155  File: C:/Users/narsi/Desktop/projects/Project_BUG/FIR/FIR_Filter_cgat/FIR_Filter_cgat_D/tb/FIR_Filter_cgat_tb.vhd
Error: CLOCK_GATTING
Time: 1245 ns  Iteration: 0  Process: /FIR_Filter_cga_tb/line__155  File: C:/Users/narsi/Desktop/projects/Project_BUG/FIR/FIR_Filter_cgat/FIR_Filter_cgat_D/tb/FIR_Filter_cgat_tb.vhd
Error: CLOCK_GATTING
Time: 1255 ns  Iteration: 0  Process: /FIR_Filter_cga_tb/line__155  File: C:/Users/narsi/Desktop/projects/Project_BUG/FIR/FIR_Filter_cgat/FIR_Filter_cgat_D/tb/FIR_Filter_cgat_tb.vhd
Error: CLOCK_GATTING
Time: 1265 ns  Iteration: 0  Process: /FIR_Filter_cga_tb/line__155  File: C:/Users/narsi/Desktop/projects/Project_BUG/FIR/FIR_Filter_cgat/FIR_Filter_cgat_D/tb/FIR_Filter_cgat_tb.vhd
Error: CLOCK_GATTING
Time: 1275 ns  Iteration: 0  Process: /FIR_Filter_cga_tb/line__155  File: C:/Users/narsi/Desktop/projects/Project_BUG/FIR/FIR_Filter_cgat/FIR_Filter_cgat_D/tb/FIR_Filter_cgat_tb.vhd
Error: CLOCK_GATTING
Time: 1285 ns  Iteration: 0  Process: /FIR_Filter_cga_tb/line__155  File: C:/Users/narsi/Desktop/projects/Project_BUG/FIR/FIR_Filter_cgat/FIR_Filter_cgat_D/tb/FIR_Filter_cgat_tb.vhd
Error: CLOCK_GATTING
Time: 1295 ns  Iteration: 0  Process: /FIR_Filter_cga_tb/line__155  File: C:/Users/narsi/Desktop/projects/Project_BUG/FIR/FIR_Filter_cgat/FIR_Filter_cgat_D/tb/FIR_Filter_cgat_tb.vhd
Error: CLOCK_GATTING
Time: 1305 ns  Iteration: 0  Process: /FIR_Filter_cga_tb/line__155  File: C:/Users/narsi/Desktop/projects/Project_BUG/FIR/FIR_Filter_cgat/FIR_Filter_cgat_D/tb/FIR_Filter_cgat_tb.vhd
Error: CLOCK_GATTING
Time: 1315 ns  Iteration: 0  Process: /FIR_Filter_cga_tb/line__155  File: C:/Users/narsi/Desktop/projects/Project_BUG/FIR/FIR_Filter_cgat/FIR_Filter_cgat_D/tb/FIR_Filter_cgat_tb.vhd
Error: CLOCK_GATTING
Time: 1325 ns  Iteration: 0  Process: /FIR_Filter_cga_tb/line__155  File: C:/Users/narsi/Desktop/projects/Project_BUG/FIR/FIR_Filter_cgat/FIR_Filter_cgat_D/tb/FIR_Filter_cgat_tb.vhd
Error: CLOCK_GATTING
Time: 1335 ns  Iteration: 0  Process: /FIR_Filter_cga_tb/line__155  File: C:/Users/narsi/Desktop/projects/Project_BUG/FIR/FIR_Filter_cgat/FIR_Filter_cgat_D/tb/FIR_Filter_cgat_tb.vhd
Error: CLOCK_GATTING
Time: 1345 ns  Iteration: 0  Process: /FIR_Filter_cga_tb/line__155  File: C:/Users/narsi/Desktop/projects/Project_BUG/FIR/FIR_Filter_cgat/FIR_Filter_cgat_D/tb/FIR_Filter_cgat_tb.vhd
Error: CLOCK_GATTING
Time: 1355 ns  Iteration: 0  Process: /FIR_Filter_cga_tb/line__155  File: C:/Users/narsi/Desktop/projects/Project_BUG/FIR/FIR_Filter_cgat/FIR_Filter_cgat_D/tb/FIR_Filter_cgat_tb.vhd
Error: CLOCK_GATTING
Time: 1365 ns  Iteration: 0  Process: /FIR_Filter_cga_tb/line__155  File: C:/Users/narsi/Desktop/projects/Project_BUG/FIR/FIR_Filter_cgat/FIR_Filter_cgat_D/tb/FIR_Filter_cgat_tb.vhd
Error: CLOCK_GATTING
Time: 1375 ns  Iteration: 0  Process: /FIR_Filter_cga_tb/line__155  File: C:/Users/narsi/Desktop/projects/Project_BUG/FIR/FIR_Filter_cgat/FIR_Filter_cgat_D/tb/FIR_Filter_cgat_tb.vhd
Error: CLOCK_GATTING
Time: 1385 ns  Iteration: 0  Process: /FIR_Filter_cga_tb/line__155  File: C:/Users/narsi/Desktop/projects/Project_BUG/FIR/FIR_Filter_cgat/FIR_Filter_cgat_D/tb/FIR_Filter_cgat_tb.vhd
Error: CLOCK_GATTING
Time: 1395 ns  Iteration: 0  Process: /FIR_Filter_cga_tb/line__155  File: C:/Users/narsi/Desktop/projects/Project_BUG/FIR/FIR_Filter_cgat/FIR_Filter_cgat_D/tb/FIR_Filter_cgat_tb.vhd
Error: CLOCK_GATTING
Time: 1405 ns  Iteration: 0  Process: /FIR_Filter_cga_tb/line__155  File: C:/Users/narsi/Desktop/projects/Project_BUG/FIR/FIR_Filter_cgat/FIR_Filter_cgat_D/tb/FIR_Filter_cgat_tb.vhd
Error: CLOCK_GATTING
Time: 1415 ns  Iteration: 0  Process: /FIR_Filter_cga_tb/line__155  File: C:/Users/narsi/Desktop/projects/Project_BUG/FIR/FIR_Filter_cgat/FIR_Filter_cgat_D/tb/FIR_Filter_cgat_tb.vhd
Error: CLOCK_GATTING
Time: 1425 ns  Iteration: 0  Process: /FIR_Filter_cga_tb/line__155  File: C:/Users/narsi/Desktop/projects/Project_BUG/FIR/FIR_Filter_cgat/FIR_Filter_cgat_D/tb/FIR_Filter_cgat_tb.vhd
Error: CLOCK_GATTING
Time: 1435 ns  Iteration: 0  Process: /FIR_Filter_cga_tb/line__155  File: C:/Users/narsi/Desktop/projects/Project_BUG/FIR/FIR_Filter_cgat/FIR_Filter_cgat_D/tb/FIR_Filter_cgat_tb.vhd
Error: CLOCK_GATTING
Time: 1445 ns  Iteration: 0  Process: /FIR_Filter_cga_tb/line__155  File: C:/Users/narsi/Desktop/projects/Project_BUG/FIR/FIR_Filter_cgat/FIR_Filter_cgat_D/tb/FIR_Filter_cgat_tb.vhd
Error: CLOCK_GATTING
Time: 1455 ns  Iteration: 0  Process: /FIR_Filter_cga_tb/line__155  File: C:/Users/narsi/Desktop/projects/Project_BUG/FIR/FIR_Filter_cgat/FIR_Filter_cgat_D/tb/FIR_Filter_cgat_tb.vhd
Error: CLOCK_GATTING
Time: 1465 ns  Iteration: 0  Process: /FIR_Filter_cga_tb/line__155  File: C:/Users/narsi/Desktop/projects/Project_BUG/FIR/FIR_Filter_cgat/FIR_Filter_cgat_D/tb/FIR_Filter_cgat_tb.vhd
Error: CLOCK_GATTING
Time: 1475 ns  Iteration: 0  Process: /FIR_Filter_cga_tb/line__155  File: C:/Users/narsi/Desktop/projects/Project_BUG/FIR/FIR_Filter_cgat/FIR_Filter_cgat_D/tb/FIR_Filter_cgat_tb.vhd
Error: CLOCK_GATTING
Time: 1485 ns  Iteration: 0  Process: /FIR_Filter_cga_tb/line__155  File: C:/Users/narsi/Desktop/projects/Project_BUG/FIR/FIR_Filter_cgat/FIR_Filter_cgat_D/tb/FIR_Filter_cgat_tb.vhd
Error: CLOCK_GATTING
Time: 1495 ns  Iteration: 0  Process: /FIR_Filter_cga_tb/line__155  File: C:/Users/narsi/Desktop/projects/Project_BUG/FIR/FIR_Filter_cgat/FIR_Filter_cgat_D/tb/FIR_Filter_cgat_tb.vhd
Error: CLOCK_GATTING
Time: 1505 ns  Iteration: 0  Process: /FIR_Filter_cga_tb/line__155  File: C:/Users/narsi/Desktop/projects/Project_BUG/FIR/FIR_Filter_cgat/FIR_Filter_cgat_D/tb/FIR_Filter_cgat_tb.vhd
Error: CLOCK_GATTING
Time: 1515 ns  Iteration: 0  Process: /FIR_Filter_cga_tb/line__155  File: C:/Users/narsi/Desktop/projects/Project_BUG/FIR/FIR_Filter_cgat/FIR_Filter_cgat_D/tb/FIR_Filter_cgat_tb.vhd
Error: CLOCK_GATTING
Time: 1525 ns  Iteration: 0  Process: /FIR_Filter_cga_tb/line__155  File: C:/Users/narsi/Desktop/projects/Project_BUG/FIR/FIR_Filter_cgat/FIR_Filter_cgat_D/tb/FIR_Filter_cgat_tb.vhd
Error: CLOCK_GATTING
Time: 1535 ns  Iteration: 0  Process: /FIR_Filter_cga_tb/line__155  File: C:/Users/narsi/Desktop/projects/Project_BUG/FIR/FIR_Filter_cgat/FIR_Filter_cgat_D/tb/FIR_Filter_cgat_tb.vhd
Error: CLOCK_GATTING
Time: 1545 ns  Iteration: 0  Process: /FIR_Filter_cga_tb/line__155  File: C:/Users/narsi/Desktop/projects/Project_BUG/FIR/FIR_Filter_cgat/FIR_Filter_cgat_D/tb/FIR_Filter_cgat_tb.vhd
Error: CLOCK_GATTING
Time: 1555 ns  Iteration: 0  Process: /FIR_Filter_cga_tb/line__155  File: C:/Users/narsi/Desktop/projects/Project_BUG/FIR/FIR_Filter_cgat/FIR_Filter_cgat_D/tb/FIR_Filter_cgat_tb.vhd
Error: CLOCK_GATTING
Time: 1565 ns  Iteration: 0  Process: /FIR_Filter_cga_tb/line__155  File: C:/Users/narsi/Desktop/projects/Project_BUG/FIR/FIR_Filter_cgat/FIR_Filter_cgat_D/tb/FIR_Filter_cgat_tb.vhd
Error: CLOCK_GATTING
Time: 1575 ns  Iteration: 0  Process: /FIR_Filter_cga_tb/line__155  File: C:/Users/narsi/Desktop/projects/Project_BUG/FIR/FIR_Filter_cgat/FIR_Filter_cgat_D/tb/FIR_Filter_cgat_tb.vhd
Error: CLOCK_GATTING
Time: 1585 ns  Iteration: 0  Process: /FIR_Filter_cga_tb/line__155  File: C:/Users/narsi/Desktop/projects/Project_BUG/FIR/FIR_Filter_cgat/FIR_Filter_cgat_D/tb/FIR_Filter_cgat_tb.vhd
Error: CLOCK_GATTING
Time: 1595 ns  Iteration: 0  Process: /FIR_Filter_cga_tb/line__155  File: C:/Users/narsi/Desktop/projects/Project_BUG/FIR/FIR_Filter_cgat/FIR_Filter_cgat_D/tb/FIR_Filter_cgat_tb.vhd
Error: CLOCK_GATTING
Time: 1605 ns  Iteration: 0  Process: /FIR_Filter_cga_tb/line__155  File: C:/Users/narsi/Desktop/projects/Project_BUG/FIR/FIR_Filter_cgat/FIR_Filter_cgat_D/tb/FIR_Filter_cgat_tb.vhd
Error: CLOCK_GATTING
Time: 1615 ns  Iteration: 0  Process: /FIR_Filter_cga_tb/line__155  File: C:/Users/narsi/Desktop/projects/Project_BUG/FIR/FIR_Filter_cgat/FIR_Filter_cgat_D/tb/FIR_Filter_cgat_tb.vhd
Error: CLOCK_GATTING
Time: 1625 ns  Iteration: 0  Process: /FIR_Filter_cga_tb/line__155  File: C:/Users/narsi/Desktop/projects/Project_BUG/FIR/FIR_Filter_cgat/FIR_Filter_cgat_D/tb/FIR_Filter_cgat_tb.vhd
Error: CLOCK_GATTING
Time: 1635 ns  Iteration: 0  Process: /FIR_Filter_cga_tb/line__155  File: C:/Users/narsi/Desktop/projects/Project_BUG/FIR/FIR_Filter_cgat/FIR_Filter_cgat_D/tb/FIR_Filter_cgat_tb.vhd
Error: CLOCK_GATTING
Time: 1645 ns  Iteration: 0  Process: /FIR_Filter_cga_tb/line__155  File: C:/Users/narsi/Desktop/projects/Project_BUG/FIR/FIR_Filter_cgat/FIR_Filter_cgat_D/tb/FIR_Filter_cgat_tb.vhd
Error: CLOCK_GATTING
Time: 1655 ns  Iteration: 0  Process: /FIR_Filter_cga_tb/line__155  File: C:/Users/narsi/Desktop/projects/Project_BUG/FIR/FIR_Filter_cgat/FIR_Filter_cgat_D/tb/FIR_Filter_cgat_tb.vhd
Error: CLOCK_GATTING
Time: 1665 ns  Iteration: 0  Process: /FIR_Filter_cga_tb/line__155  File: C:/Users/narsi/Desktop/projects/Project_BUG/FIR/FIR_Filter_cgat/FIR_Filter_cgat_D/tb/FIR_Filter_cgat_tb.vhd
Error: CLOCK_GATTING
Time: 1675 ns  Iteration: 0  Process: /FIR_Filter_cga_tb/line__155  File: C:/Users/narsi/Desktop/projects/Project_BUG/FIR/FIR_Filter_cgat/FIR_Filter_cgat_D/tb/FIR_Filter_cgat_tb.vhd
Error: CLOCK_GATTING
Time: 1685 ns  Iteration: 0  Process: /FIR_Filter_cga_tb/line__155  File: C:/Users/narsi/Desktop/projects/Project_BUG/FIR/FIR_Filter_cgat/FIR_Filter_cgat_D/tb/FIR_Filter_cgat_tb.vhd
Error: CLOCK_GATTING
Time: 1695 ns  Iteration: 0  Process: /FIR_Filter_cga_tb/line__155  File: C:/Users/narsi/Desktop/projects/Project_BUG/FIR/FIR_Filter_cgat/FIR_Filter_cgat_D/tb/FIR_Filter_cgat_tb.vhd
Error: CLOCK_GATTING
Time: 1705 ns  Iteration: 0  Process: /FIR_Filter_cga_tb/line__155  File: C:/Users/narsi/Desktop/projects/Project_BUG/FIR/FIR_Filter_cgat/FIR_Filter_cgat_D/tb/FIR_Filter_cgat_tb.vhd
Error: CLOCK_GATTING
Time: 1715 ns  Iteration: 0  Process: /FIR_Filter_cga_tb/line__155  File: C:/Users/narsi/Desktop/projects/Project_BUG/FIR/FIR_Filter_cgat/FIR_Filter_cgat_D/tb/FIR_Filter_cgat_tb.vhd
Error: CLOCK_GATTING
Time: 1725 ns  Iteration: 0  Process: /FIR_Filter_cga_tb/line__155  File: C:/Users/narsi/Desktop/projects/Project_BUG/FIR/FIR_Filter_cgat/FIR_Filter_cgat_D/tb/FIR_Filter_cgat_tb.vhd
Error: CLOCK_GATTING
Time: 1735 ns  Iteration: 0  Process: /FIR_Filter_cga_tb/line__155  File: C:/Users/narsi/Desktop/projects/Project_BUG/FIR/FIR_Filter_cgat/FIR_Filter_cgat_D/tb/FIR_Filter_cgat_tb.vhd
Error: CLOCK_GATTING
Time: 1745 ns  Iteration: 0  Process: /FIR_Filter_cga_tb/line__155  File: C:/Users/narsi/Desktop/projects/Project_BUG/FIR/FIR_Filter_cgat/FIR_Filter_cgat_D/tb/FIR_Filter_cgat_tb.vhd
Error: CLOCK_GATTING
Time: 1755 ns  Iteration: 0  Process: /FIR_Filter_cga_tb/line__155  File: C:/Users/narsi/Desktop/projects/Project_BUG/FIR/FIR_Filter_cgat/FIR_Filter_cgat_D/tb/FIR_Filter_cgat_tb.vhd
Error: CLOCK_GATTING
Time: 1765 ns  Iteration: 0  Process: /FIR_Filter_cga_tb/line__155  File: C:/Users/narsi/Desktop/projects/Project_BUG/FIR/FIR_Filter_cgat/FIR_Filter_cgat_D/tb/FIR_Filter_cgat_tb.vhd
Error: CLOCK_GATTING
Time: 1775 ns  Iteration: 0  Process: /FIR_Filter_cga_tb/line__155  File: C:/Users/narsi/Desktop/projects/Project_BUG/FIR/FIR_Filter_cgat/FIR_Filter_cgat_D/tb/FIR_Filter_cgat_tb.vhd
Error: CLOCK_GATTING
Time: 1785 ns  Iteration: 0  Process: /FIR_Filter_cga_tb/line__155  File: C:/Users/narsi/Desktop/projects/Project_BUG/FIR/FIR_Filter_cgat/FIR_Filter_cgat_D/tb/FIR_Filter_cgat_tb.vhd
Error: CLOCK_GATTING
Time: 1795 ns  Iteration: 0  Process: /FIR_Filter_cga_tb/line__155  File: C:/Users/narsi/Desktop/projects/Project_BUG/FIR/FIR_Filter_cgat/FIR_Filter_cgat_D/tb/FIR_Filter_cgat_tb.vhd
Error: CLOCK_GATTING
Time: 1805 ns  Iteration: 0  Process: /FIR_Filter_cga_tb/line__155  File: C:/Users/narsi/Desktop/projects/Project_BUG/FIR/FIR_Filter_cgat/FIR_Filter_cgat_D/tb/FIR_Filter_cgat_tb.vhd
Error: CLOCK_GATTING
Time: 1815 ns  Iteration: 0  Process: /FIR_Filter_cga_tb/line__155  File: C:/Users/narsi/Desktop/projects/Project_BUG/FIR/FIR_Filter_cgat/FIR_Filter_cgat_D/tb/FIR_Filter_cgat_tb.vhd
Note: SIMULATION COMPLETE ?
Time: 1820 ns  Iteration: 0  Process: /FIR_Filter_cga_tb/line__88  File: C:/Users/narsi/Desktop/projects/Project_BUG/FIR/FIR_Filter_cgat/FIR_Filter_cgat_D/tb/FIR_Filter_cgat_tb.vhd
Error: CLOCK_GATTING
Time: 1825 ns  Iteration: 0  Process: /FIR_Filter_cga_tb/line__155  File: C:/Users/narsi/Desktop/projects/Project_BUG/FIR/FIR_Filter_cgat/FIR_Filter_cgat_D/tb/FIR_Filter_cgat_tb.vhd
Error: CLOCK_GATTING
Time: 1835 ns  Iteration: 0  Process: /FIR_Filter_cga_tb/line__155  File: C:/Users/narsi/Desktop/projects/Project_BUG/FIR/FIR_Filter_cgat/FIR_Filter_cgat_D/tb/FIR_Filter_cgat_tb.vhd
Note: Simulation completed.
Time: 1840 ns  Iteration: 0  Process: /FIR_Filter_cga_tb/line__88  File: C:/Users/narsi/Desktop/projects/Project_BUG/FIR/FIR_Filter_cgat/FIR_Filter_cgat_D/tb/FIR_Filter_cgat_tb.vhd
$stop called at time : 1840 ns : File "C:/Users/narsi/Desktop/projects/Project_BUG/FIR/FIR_Filter_cgat/FIR_Filter_cgat_D/tb/FIR_Filter_cgat_tb.vhd" Line 151
